No,Rank,Ring Name,Percentage,Stone,Percentage 2,Middle Little Stone,Percentage 3,Side Stone,Percentage 4,Shank,Percentage 5,Gem Holder,Percentage 6,Background,Percentage 7,Total
#196,500,Metal Black Collection,10,Diamond White,2.2,Diamond Green,1,Diamond Green,1.4,Metal Black Iron,10.2,Metal Black Iron,10.2,Space Studio,59.2,13.45714286
#179,499,Metal Black Collection,10,Diamond Pink,2,Diamond Green,1,Diamond Green,1.4,Metal Black Iron,10.2,Metal Black Iron,10.2,Space Studio,59.2,13.42857143
#157,498,Metal Black Collection,10,Diamond White,2.2,Diamond White,0.6,Diamond Green,1.4,Metal Black Iron,10.2,Metal Black Iron,10.2,Space Studio,59.2,13.4
#198,497,Metal Black Collection,10,Diamond White,2.2,Diamond Lavender,1,Diamond Lavender,1,Metal Black Iron,10.2,Metal Black Iron,10.2,Space Studio,59.2,13.4
#177,496,Metal Black Collection,10,Diamond Pink,2,Diamond Leaf Green,1,Diamond Leaf Green,1,Metal Black Iron,10.2,Metal Black Iron,10.2,Space Studio,59.2,13.37142857
#197,493,Metal Black Collection,10,Diamond White,2.2,Diamond Black,0.8,Diamond Black,0.8,Metal Black Iron,10.2,Metal Black Iron,10.2,Space Studio,59.2,13.34285714
#195,494,Metal Black Collection,10,Diamond White,2.2,Diamond Blue,0.8,Diamond Blue,0.8,Metal Black Iron,10.2,Metal Black Iron,10.2,Space Studio,59.2,13.34285714
#200,492,Metal Black Collection,10,Diamond White,2.2,Diamond Peach,0.8,Diamond Peach,0.8,Metal Black Iron,10.2,Metal Black Iron,10.2,Space Studio,59.2,13.34285714
#201,491,Metal Black Collection,10,Diamond White,2.2,Diamond Rosewood,0.8,Diamond Rosewood,0.8,Metal Black Iron,10.2,Metal Black Iron,10.2,Space Studio,59.2,13.34285714
#187,495,Metal Black Collection,10,Diamond Yellow,1.4,Diamond Green,1,Diamond Green,1.4,Metal Black Iron,10.2,Metal Black Iron,10.2,Space Studio,59.2,13.34285714
#178,488,Metal Black Collection,10,Diamond Pink,2,Diamond Blue,0.8,Diamond Blue,0.8,Metal Black Iron,10.2,Metal Black Iron,10.2,Space Studio,59.2,13.31428571
#193,485,Metal Black Collection,10,Diamond White,2.2,Diamond Red,0.8,Diamond Red,0.6,Metal Black Iron,10.2,Metal Black Iron,10.2,Space Studio,59.2,13.31428571
#163,490,Metal Black Collection,10,Diamond Aqua,1.6,Diamond Leaf Green,1,Diamond Leaf Green,1,Metal Black Iron,10.2,Metal Black Iron,10.2,Space Studio,59.2,13.31428571
#181,487,Metal Black Collection,10,Diamond Pink,2,Diamond Black,0.8,Diamond Black,0.8,Metal Black Iron,10.2,Metal Black Iron,10.2,Space Studio,59.2,13.31428571
#175,489,Metal Black Collection,10,Diamond Pink,2,Diamond Lemon,0.8,Diamond Lemon,0.8,Metal Black Iron,10.2,Metal Black Iron,10.2,Space Studio,59.2,13.31428571
#192,486,Metal Black Collection,10,Diamond Aqua,1.6,Diamond Lavender,1,Diamond Lavender,1,Metal Black Iron,10.2,Metal Black Iron,10.2,Space Studio,59.2,13.31428571
#183,483,Metal Black Collection,10,Diamond Yellow,1.4,Diamond Lavender,1,Diamond Lavender,1,Metal Black Iron,10.2,Metal Black Iron,10.2,Space Studio,59.2,13.28571429
#176,484,Metal Black Collection,10,Diamond Pink,2,Diamond Red,0.8,Diamond Pink,0.6,Metal Black Iron,10.2,Metal Black Iron,10.2,Space Studio,59.2,13.28571429
#194,481,Metal Black Collection,10,Diamond White,2.2,Diamond Yellow,0.6,Diamond Yellow,0.6,Metal Black Iron,10.2,Metal Black Iron,10.2,Space Studio,59.2,13.28571429
#185,482,Metal Black Collection,10,Diamond Yellow,1.4,Diamond Leaf Green,1,Diamond Leaf Green,1,Metal Black Iron,10.2,Metal Black Iron,10.2,Space Studio,59.2,13.28571429
#182,480,Metal Black Collection,10,Diamond Pink,2,Diamond Teal,0.6,Diamond Teal,0.6,Metal Black Iron,10.2,Metal Black Iron,10.2,Space Studio,59.2,13.25714286
#191,478,Metal Black Collection,10,Diamond Aqua,1.6,Diamond Peach,0.8,Diamond Peach,0.8,Metal Black Iron,10.2,Metal Black Iron,10.2,Space Studio,59.2,13.25714286
#190,479,Metal Black Collection,10,Diamond Aqua,1.6,Diamond Rosewood,0.8,Diamond Rosewood,0.8,Metal Black Iron,10.2,Metal Black Iron,10.2,Space Studio,59.2,13.25714286
#152,477,Metal Black Collection,10,Diamond Pink,2,Diamond Pink,0.4,Diamond Pink,0.6,Metal Black Iron,10.2,Metal Black Iron,10.2,Space Studio,59.2,13.22857143
#199,476,Metal Black Collection,10,Diamond White,2.2,Diamond Taupe,0.4,Diamond Taupe,0.4,Metal Black Iron,10.2,Metal Black Iron,10.2,Space Studio,59.2,13.22857143
#347,474,Green Machine Collection,10,Amethys White,1.8,Amethys Green,0.8,Amethys Green,0.8,Green Machine,10,Green Machine,10,Space Studio,59.2,13.22857143
#349,473,Green Machine Collection,10,Amethys White,1.8,Amethys Lavender,0.8,Amethys Lavender,0.8,Green Machine,10,Green Machine,10,Space Studio,59.2,13.22857143
#330,475,Green Machine Collection,10,Amethys Lemon,1.8,Amethys Green,0.8,Amethys Green,0.8,Green Machine,10,Green Machine,10,Space Studio,59.2,13.22857143
#188,469,Metal Black Collection,10,Diamond Aqua,1.6,Diamond Turqoise,0.6,Diamond Turqoise,0.6,Metal Black Iron,10.2,Metal Black Iron,10.2,Space Studio,59.2,13.2
#156,472,Metal Black Collection,10,Diamond Green,0.4,Diamond Green,1,Diamond Green,1.4,Metal Black Iron,10.2,Metal Black Iron,10.2,Space Studio,59.2,13.2
#180,470,Metal Black Collection,10,Diamond Pink,2,Diamond White,0.6,Diamond White,0.2,Metal Black Iron,10.2,Metal Black Iron,10.2,Space Studio,59.2,13.2
#164,471,Metal Black Collection,10,Diamond Aqua,1.6,Diamond Aqua,0.6,Diamond Aqua,0.6,Metal Black Iron,10.2,Metal Black Iron,10.2,Space Studio,59.2,13.2
#184,467,Metal Black Collection,10,Diamond Yellow,1.4,Diamond Umber,0.6,Diamond Umber,0.6,Metal Black Iron,10.2,Metal Black Iron,10.2,Space Studio,59.2,13.17142857
#329,461,Green Machine Collection,10,Amethys Lemon,1.8,Amethys Blue,0.6,Amethys Blue,0.6,Green Machine,10,Green Machine,10,Space Studio,59.2,13.17142857
#186,466,Metal Black Collection,10,Diamond Yellow,1.4,Diamond Turqoise,0.6,Diamond Turqoise,0.6,Metal Black Iron,10.2,Metal Black Iron,10.2,Space Studio,59.2,13.17142857
#345,456,Green Machine Collection,10,Amethys White,1.8,Amethys Yellow,0.6,Amethys Yellow,0.6,Green Machine,10,Green Machine,10,Space Studio,59.2,13.17142857
#153,468,Metal Black Collection,10,Diamond Yellow,1.4,Diamond Yellow,0.6,Diamond Yellow,0.6,Metal Black Iron,10.2,Metal Black Iron,10.2,Space Studio,59.2,13.17142857
#337,458,Green Machine Collection,10,Amethys Ice Blue,1.4,Amethys Green,0.8,Amethys Green,0.8,Green Machine,10,Green Machine,10,Space Studio,59.2,13.17142857
#344,457,Green Machine Collection,10,Amethys White,1.8,Amethys Red,0.6,Amethys Red,0.6,Green Machine,10,Green Machine,10,Space Studio,59.2,13.17142857
#331,460,Green Machine Collection,10,Amethys Lemon,1.8,Amethys White,0.6,Amethys White,0.6,Green Machine,10,Green Machine,10,Space Studio,59.2,13.17142857
#333,459,Green Machine Collection,10,Amethys Ice Blue,1.4,Amethys Lavender,0.8,Amethys Lavender,0.8,Green Machine,10,Green Machine,10,Space Studio,59.2,13.17142857
#351,453,Green Machine Collection,10,Amethys White,1.8,Amethys Peach,0.6,Amethys Peach,0.6,Green Machine,10,Green Machine,10,Space Studio,59.2,13.17142857
#327,463,Green Machine Collection,10,Amethys Lemon,1.8,Amethys Red,0.6,Amethys Red,0.6,Green Machine,10,Green Machine,10,Space Studio,59.2,13.17142857
#346,455,Green Machine Collection,10,Amethys White,1.8,Amethys Blue,0.6,Amethys Blue,0.6,Green Machine,10,Green Machine,10,Space Studio,59.2,13.17142857
#348,454,Green Machine Collection,10,Amethys White,1.8,Amethys Purple,0.6,Amethys Purple,0.6,Green Machine,10,Green Machine,10,Space Studio,59.2,13.17142857
#328,462,Green Machine Collection,10,Amethys Lemon,1.8,Amethys Yellow,0.6,Amethys Yellow,0.6,Green Machine,10,Green Machine,10,Space Studio,59.2,13.17142857
#326,464,Green Machine Collection,10,Amethys Lemon,1.8,Amethys Purple,0.6,Amethys Purple,0.6,Green Machine,10,Green Machine,10,Space Studio,59.2,13.17142857
#308,465,Green Machine Collection,10,Amethys White,1.8,Amethys White,0.6,Amethys White,0.6,Green Machine,10,Green Machine,10,Space Studio,59.2,13.17142857
#162,452,Metal Black Collection,10,Diamond Leaf Green,0.4,Diamond Leaf Green,1,Diamond Leaf Green,1,Metal Black Iron,10.2,Metal Black Iron,10.2,Space Studio,59.2,13.14285714
#172,451,Metal Black Collection,10,Diamond Lavender,0.4,Diamond Lavender,1,Diamond Lavender,1,Metal Black Iron,10.2,Metal Black Iron,10.2,Space Studio,59.2,13.14285714
#350,446,Green Machine Collection,10,Amethys White,1.8,Amethys Ice Blue,0.4,Amethys Ice Blue,0.4,Green Machine,10,Green Machine,10,Space Studio,59.2,13.11428571
#338,448,Green Machine Collection,10,Amethys Ice Blue,1.4,Diamond Aqua,0.6,Diamond Aqua,0.6,Green Machine,10,Green Machine,10,Space Studio,59.2,13.11428571
#332,450,Green Machine Collection,10,Amethys Lemon,1.8,Amethys Aqua,0.4,Amethys Aqua,0.4,Green Machine,10,Green Machine,10,Space Studio,59.2,13.11428571
#336,449,Green Machine Collection,10,Amethys Ice Blue,1.4,Amethys Rosewood,0.6,Amethys Rosewood,0.6,Green Machine,10,Green Machine,10,Space Studio,59.2,13.11428571
#343,447,Green Machine Collection,10,Amethyst Leaf Green,1,Amethys Lavender,0.8,Amethys Lavender,0.8,Green Machine,10,Green Machine,10,Space Studio,59.2,13.11428571
#169,442,Metal Black Collection,10,Diamond Peach,0.4,Diamond Peach,0.8,Diamond Peach,0.8,Metal Black Iron,10.2,Metal Black Iron,10.2,Space Studio,59.2,13.08571429
#189,440,Metal Black Collection,10,Diamond Aqua,1.6,Diamond Sienna,0.2,Diamond Sienna,0.2,Metal Black Iron,10.2,Metal Black Iron,10.2,Space Studio,59.2,13.08571429
#168,443,Metal Black Collection,10,Diamond Rosewood,0.4,Diamond Rosewood,0.8,Diamond Rosewood,0.8,Metal Black Iron,10.2,Metal Black Iron,10.2,Space Studio,59.2,13.08571429
#158,444,Metal Black Collection,10,Diamond Black,0.4,Diamond Black,0.8,Diamond Black,0.8,Metal Black Iron,10.2,Metal Black Iron,10.2,Space Studio,59.2,13.08571429
#174,441,Metal Black Collection,10,Diamond Lemon,0.4,Diamond Lemon,0.8,Diamond Lemon,0.8,Metal Black Iron,10.2,Metal Black Iron,10.2,Space Studio,59.2,13.08571429
#155,445,Metal Black Collection,10,Diamond Blue,0.4,Diamond Blue,0.8,Diamond Blue,0.8,Metal Black Iron,10.2,Metal Black Iron,10.2,Space Studio,59.2,13.08571429
#335,434,Green Machine Collection,10,Amethys Ice Blue,1.4,Amethys Orange,0.4,Amethys Orange,0.4,Green Machine,10,Green Machine,10,Space Studio,59.2,13.05714286
#325,436,Green Machine Collection,10,Amethys Lemon,1.8,Amethys Pink,0.2,Amethys Pink,0.2,Green Machine,10,Green Machine,10,Space Studio,59.2,13.05714286
#340,433,Green Machine Collection,10,Amethyst Leaf Green,1,Amethys White,0.6,Amethys White,0.6,Green Machine,10,Green Machine,10,Space Studio,59.2,13.05714286
#324,437,Green Machine Collection,10,Amethys Lemon,1.8,Amethyst Leaf Green,0.2,Amethyst Leaf Green,0.2,Green Machine,10,Green Machine,10,Space Studio,59.2,13.05714286
#334,435,Green Machine Collection,10,Amethys Ice Blue,1.4,Amethys Umber,0.4,Amethys Umber,0.4,Green Machine,10,Green Machine,10,Space Studio,59.2,13.05714286
#341,432,Green Machine Collection,10,Amethyst Leaf Green,1,Amethys Rosewood,0.6,Amethys Rosewood,0.6,Green Machine,10,Green Machine,10,Space Studio,59.2,13.05714286
#316,438,Green Machine Collection,10,Amethys Ice Blue,1.4,Amethys Ice Blue,0.4,Amethys Ice Blue,0.4,Green Machine,10,Green Machine,10,Space Studio,59.2,13.05714286
#342,431,Green Machine Collection,10,Amethyst Leaf Green,1,Amethys Peach,0.6,Amethys Peach,0.6,Green Machine,10,Green Machine,10,Space Studio,59.2,13.05714286
#154,439,Metal Black Collection,10,Diamond Red,0.4,Diamond Red,0.8,Diamond Red,0.6,Metal Black Iron,10.2,Metal Black Iron,10.2,Space Studio,59.2,13.05714286
#171,429,Metal Black Collection,10,Diamond Umber,0.4,Diamond Umber,0.6,Diamond Umber,0.6,Metal Black Iron,10.2,Metal Black Iron,10.2,Space Studio,59.2,13.02857143
#161,430,Metal Black Collection,10,Diamond Teal,0.4,Diamond Teal,0.6,Diamond Teal,0.6,Metal Black Iron,10.2,Metal Black Iron,10.2,Space Studio,59.2,13.02857143
#302,428,Green Machine Collection,10,Lava Stone,0.6,Lava Stone,0.6,Lava Stone,0.8,Green Machine,10,Green Machine,10,Space Studio,59.2,13.02857143
#307,426,Green Machine Collection,10,Amethys Green,0.2,Amethys Green,0.8,Amethys Green,0.8,Green Machine,10,Green Machine,10,Space Studio,59.2,13
#165,427,Metal Black Collection,10,Diamond Turqoise,0.2,Diamond Turqoise,0.6,Diamond Turqoise,0.6,Metal Black Iron,10.2,Metal Black Iron,10.2,Space Studio,59.2,13
#323,425,Green Machine Collection,10,Amethys Lavender,0.2,Amethys Lavender,0.8,Amethys Lavender,0.8,Green Machine,10,Green Machine,10,Space Studio,59.2,13
#166,422,Metal Black Collection,10,Diamond Jade,0.4,Diamond Jade,0.4,Diamond Jade,0.4,Metal Black Iron,10.2,Metal Black Iron,10.2,Space Studio,59.2,12.97142857
#160,423,Metal Black Collection,10,Diamond Orange,0.4,Diamond Orange,0.4,Diamond Orange,0.4,Metal Black Iron,10.2,Metal Black Iron,10.2,Space Studio,59.2,12.97142857
#170,421,Metal Black Collection,10,Diamond Khaki,0.4,Diamond Khaki,0.4,Diamond Khaki,0.4,Metal Black Iron,10.2,Metal Black Iron,10.2,Space Studio,59.2,12.97142857
#159,424,Metal Black Collection,10,Diamond Ice Blue,0.4,Diamond Ice Blue,0.4,Diamond Ice Blue,0.4,Metal Black Iron,10.2,Metal Black Iron,10.2,Space Studio,59.2,12.97142857
#305,418,Green Machine Collection,10,Amethys Red,0.2,Amethys Red,0.6,Amethys Red,0.6,Green Machine,10,Green Machine,10,Space Studio,59.2,12.94285714
#320,414,Green Machine Collection,10,Amethys Peach,0.2,Amethys Peach,0.6,Amethys Peach,0.6,Green Machine,10,Green Machine,10,Space Studio,59.2,12.94285714
#314,416,Green Machine Collection,10,Amethys Purple,0.2,Amethys Purple,0.6,Amethys Purple,0.6,Green Machine,10,Green Machine,10,Space Studio,59.2,12.94285714
#319,415,Green Machine Collection,10,Amethys Rosewood,0.2,Amethys Rosewood,0.6,Amethys Rosewood,0.6,Green Machine,10,Green Machine,10,Space Studio,59.2,12.94285714
#173,420,Metal Black Collection,10,Diamond Taupe,0.2,Diamond Taupe,0.4,Diamond Taupe,0.4,Metal Black Iron,10.2,Metal Black Iron,10.2,Space Studio,59.2,12.94285714
#304,419,Green Machine Collection,10,Amethys Yellow,0.2,Amethys Yellow,0.6,Amethys Yellow,0.6,Green Machine,10,Green Machine,10,Space Studio,59.2,12.94285714
#306,417,Green Machine Collection,10,Amethys Blue,0.2,Amethys Blue,0.6,Amethys Blue,0.6,Green Machine,10,Green Machine,10,Space Studio,59.2,12.94285714
#339,413,Green Machine Collection,10,Amethyst Leaf Green,1,Amethys Lemon,0.2,Amethys Lemon,0.2,Green Machine,10,Green Machine,10,Space Studio,59.2,12.94285714
#322,409,Green Machine Collection,10,Amethys Umber,0.2,Amethys Umber,0.4,Amethys Umber,0.4,Green Machine,10,Green Machine,10,Space Studio,59.2,12.88571429
#315,410,Green Machine Collection,10,Amethys Aqua,0.2,Amethys Aqua,0.4,Amethys Aqua,0.4,Green Machine,10,Green Machine,10,Space Studio,59.2,12.88571429
#311,411,Green Machine Collection,10,Amethys Orange,0.2,Amethys Orange,0.4,Amethys Orange,0.4,Green Machine,10,Green Machine,10,Space Studio,59.2,12.88571429
#167,412,Metal Black Collection,10,Diamond Coper,0.2,Diamond Coper,0.2,Diamond Coper,0.2,Metal Black Iron,10.2,Metal Black Iron,10.2,Space Studio,59.2,12.88571429
#303,408,Green Machine Collection,10,Amethyst Pink,0.2,Amethyst Pink,0.2,Amethyst Pink,0.2,Green Machine,10,Green Machine,10,Space Studio,59.2,12.82857143
#321,401,Green Machine Collection,10,Amethys Khaki,0.2,Amethys Khaki,0.2,Amethys Khaki,0.2,Green Machine,10,Green Machine,10,Space Studio,59.2,12.82857143
#313,404,Green Machine Collection,10,Amethysbrown,0.2,Amethysbrown,0.2,Amethysbrown,0.2,Green Machine,10,Green Machine,10,Space Studio,59.2,12.82857143
#318,402,Green Machine Collection,10,Amethys Putty,0.2,Amethys Putty,0.2,Amethys Putty,0.2,Green Machine,10,Green Machine,10,Space Studio,59.2,12.82857143
#310,406,Green Machine Collection,10,Amethys Teal,0.2,Amethys Teal,0.2,Amethys Teal,0.2,Green Machine,10,Green Machine,10,Space Studio,59.2,12.82857143
#309,407,Green Machine Collection,10,Amethys Black,0.2,Amethys Black,0.2,Amethys Black,0.2,Green Machine,10,Green Machine,10,Space Studio,59.2,12.82857143
#312,405,Green Machine Collection,10,Amethys Leaf Green,0.2,Amethys Leaf Green,0.2,Amethys Leaf Green,0.2,Green Machine,10,Green Machine,10,Space Studio,59.2,12.82857143
#317,403,Green Machine Collection,10,Amethys Jade,0.2,Amethys Jade,0.2,Amethys Jade,0.2,Green Machine,10,Green Machine,10,Space Studio,59.2,12.82857143
#376,400,Alien Collection,7.4,Alien Stone Yellow,2.8,Alien Stone Red,2.2,Alien Stone Red,2.2,Alien  Plat,7.4,Alien  Plat,7.4,Space Studio,59.2,12.65714286
#378,399,Alien Collection,7.4,Alien Stone Yellow,2.8,Alien Stone White,2,Alien Stone White,2,Alien  Plat,7.4,Alien  Plat,7.4,Space Studio,59.2,12.6
#380,397,Alien Collection,7.4,Alien Stone Yellow,2.8,Alien Stone Green,1.8,Alien Stone Green,1.8,Alien  Plat,7.4,Alien  Plat,7.4,Space Studio,59.2,12.54285714
#379,398,Alien Collection,7.4,Alien Stone Yellow,2.8,Alien Stone Orange,1.8,Alien Stone Orange,1.8,Alien  Plat,7.4,Alien  Plat,7.4,Space Studio,59.2,12.54285714
#354,396,Alien Collection,7.4,Alien Stone Red,1.8,Alien Stone Red,2.2,Alien Stone Red,2.2,Alien  Plat,7.4,Alien  Plat,7.4,Space Studio,59.2,12.51428571
#417,395,Cosmic Power ,13.6,Alien Stone Pink,2.8,Alien Stone Red,2.2,Alien Stone Red,2.2,Blue Light Plat,3.4,Blue Light Plat,4.2,Space Studio,59.2,12.51428571
#426,392,Cosmic Power ,13.6,Alien Stone Yellow,2.8,Alien Stone White,2,Alien Stone White,2,Blue Light Plat,3.4,Blue Light Plat,4.2,Space Studio,59.2,12.45714286
#383,394,Alien Collection,7.4,Alien Stone Red,1.8,Alien Stone White,2,Alien Stone White,2,Alien  Plat,7.4,Alien  Plat,7.4,Space Studio,59.2,12.45714286
#415,393,Cosmic Power ,13.6,Alien Stone Pink,2.8,Alien Stone White,2,Alien Stone White,2,Blue Light Plat,3.4,Blue Light Plat,4.2,Space Studio,59.2,12.45714286
#353,391,Alien Collection,7.4,Alien Stone Yellow,2.8,Alien Stone Yellow,1.4,Alien Stone Yellow,1.4,Alien  Plat,7.4,Alien  Plat,7.4,Space Studio,59.2,12.42857143
#416,389,Cosmic Power ,13.6,Alien Stone Pink,2.8,Alien Stone Orange,1.8,Alien Stone Orange,1.8,Blue Light Plat,3.4,Blue Light Plat,4.2,Space Studio,59.2,12.4
#427,388,Cosmic Power ,13.6,Alien Stone Yellow,2.8,Alien Stone Green,1.8,Alien Stone Green,1.8,Blue Light Plat,3.4,Blue Light Plat,4.2,Space Studio,59.2,12.4
#414,390,Cosmic Power ,13.6,Alien Stone Pink,2.8,Alien Stone Green,1.8,Alien Stone Green,1.8,Blue Light Plat,3.4,Blue Light Plat,4.2,Space Studio,59.2,12.4
#377,386,Alien Collection,7.4,Alien Stone Yellow,2.8,Alien Stone Blue,1.2,Alien Stone Blue,1.2,Alien  Plat,7.4,Alien  Plat,7.4,Space Studio,59.2,12.37142857
#357,387,Alien Collection,7.4,Alien Stone White,1.2,Alien Stone White,2,Alien Stone White,2,Alien  Plat,7.4,Alien  Plat,7.4,Space Studio,59.2,12.37142857
#360,385,Alien Collection,7.4,Alien Stone Orange,1.4,Alien Stone Orange,1.8,Alien Stone Orange,1.8,Alien  Plat,7.4,Alien  Plat,7.4,Space Studio,59.2,12.34285714
#356,384,Alien Collection,7.4,Alien Stone Green,1.2,Alien Stone Green,1.8,Alien Stone Green,1.8,Alien  Plat,7.4,Alien  Plat,7.4,Space Studio,59.2,12.31428571
#423,383,Cosmic Power ,13.6,Alien Stone Red,1.8,Alien Stone White,2,Alien Stone White,2,Blue Light Plat,3.4,Blue Light Plat,4.2,Space Studio,59.2,12.31428571
#419,381,Cosmic Power ,13.6,Alien Stone White,1.2,Alien Stone Red,2.2,Alien Stone Red,2.2,Blue Light Plat,3.4,Blue Light Plat,4.2,Space Studio,59.2,12.28571429
#381,382,Alien Collection,7.4,Alien Stone Red,1.8,Alien Stone Yellow,1.4,Alien Stone Yellow,1.4,Alien  Plat,7.4,Alien  Plat,7.4,Space Studio,59.2,12.28571429
#424,380,Cosmic Power ,13.6,Alien Stone Red,1.8,Alien Stone Green,1.8,Alien Stone Green,1.8,Blue Light Plat,3.4,Blue Light Plat,4.2,Space Studio,59.2,12.25714286
#413,378,Cosmic Power ,13.6,Alien Stone Pink,2.8,Alien Stone Blue,1.2,Alien Stone Blue,1.2,Blue Light Plat,3.4,Blue Light Plat,4.2,Space Studio,59.2,12.22857143
#382,379,Alien Collection,7.4,Alien Stone Red,1.8,Alien Stone Blue,1.2,Alien Stone Blue,1.2,Alien  Plat,7.4,Alien  Plat,7.4,Space Studio,59.2,12.22857143
#375,376,Alien Collection,7.4,Alien Stone Pink,2.8,Alien Stone Pink,0.6,Alien Stone Pink,0.6,Alien  Plat,7.4,Alien  Plat,7.4,Space Studio,59.2,12.2
#352,377,Alien Collection,7.4,Vulcano Stone!,1.4,Vulcano Stone!,1.6,Vulcano Stone!,1,Alien  Plat,7.4,Alien  Plat,7.4,Space Studio,59.2,12.2
#418,375,Cosmic Power ,13.6,Alien Stone Pink,2.8,Alien Stone Aqua,1,Alien Stone Aqua,1,Blue Light Plat,3.4,Blue Light Plat,4.2,Space Studio,59.2,12.17142857
#420,374,Cosmic Power ,13.6,Alien Stone White,1.2,Alien Stone Orange,1.8,Alien Stone Orange,1.8,Blue Light Plat,3.4,Blue Light Plat,4.2,Space Studio,59.2,12.17142857
#364,373,Alien Collection,7.4,Alien Stone Aqua,1.4,Alien Stone Aqua,1,Alien Stone Aqua,1,Alien  Plat,7.4,Alien  Plat,7.4,Space Studio,59.2,12.11428571
#425,372,Cosmic Power ,13.6,Alien Stone Red,1.8,Alien Stonepurple,1.2,Alien Stonepurple,1.2,Blue Light Plat,3.4,Blue Light Plat,4.2,Space Studio,59.2,12.08571429
#421,370,Cosmic Power ,13.6,Alien Stone White,1.2,Alien Stone Yellow,1.4,Alien Stone Yellow,1.4,Blue Light Plat,3.4,Blue Light Plat,4.2,Space Studio,59.2,12.05714286
#384,371,Alien Collection,7.4,Alien Stone Red,1.8,Alien Stone Pink,0.6,Alien Stone Pink,0.6,Alien  Plat,7.4,Alien  Plat,7.4,Space Studio,59.2,12.05714286
#355,369,Alien Collection,7.4,Alien Stone Blue,0.4,Alien Stone Blue,1.2,Alien Stone Blue,1.2,Alien  Plat,7.4,Alien  Plat,7.4,Space Studio,59.2,12.02857143
#363,368,Alien Collection,7.4,Alien Stonepurple,0.4,Alien Stonepurple,1.2,Alien Stonepurple,1.2,Alien  Plat,7.4,Alien  Plat,7.4,Space Studio,59.2,12.02857143
#390,366,Cosmic Power ,13.6,Alien Stone Yellow,2.8,Alien Stone Yellow,1.4,Alien Stone Yellow,1.4,Yellow Light Plat,1.2,Blue Light Plat,4.2,Space Studio,59.2,11.97142857
#362,367,Alien Collection,7.4,Alien Stone Brown,1.2,Alien Stone Brown,0.6,Alien Stone Brown,0.6,Alien  Plat,7.4,Alien  Plat,7.4,Space Studio,59.2,11.97142857
#391,365,Cosmic Power ,13.6,Alien Stone Red,1.8,Alien Stone Red,2.2,Alien Stone Red,2.2,Red Light Plat,0.2,Blue Light Plat,4.2,Space Studio,59.2,11.91428571
#392,364,Cosmic Power ,13.6,Alien Stone Blue,0.4,Alien Stone Blue,1.2,Alien Stone Blue,1.2,Blue Light Plat,3.4,Blue Light Plat,4.2,Space Studio,59.2,11.88571429
#370,362,Alien Collection,7.4,Alien Stone Khaki,0.4,Alien Stone Khaki,0.6,Alien Stone Khaki,0.6,Alien  Plat,7.4,Alien  Plat,7.4,Space Studio,59.2,11.85714286
#372,361,Alien Collection,7.4,Alien Stonelavender,0.4,Alien Stonelavender,0.6,Alien Stonelavender,0.6,Alien  Plat,7.4,Alien  Plat,7.4,Space Studio,59.2,11.85714286
#361,363,Alien Collection,7.4,Alien Stone Leaf Green,0.4,Alien Stone Leaf Green,0.6,Alien Stone Leaf Green,0.6,Alien  Plat,7.4,Alien  Plat,7.4,Space Studio,59.2,11.85714286
#422,360,Cosmic Power ,13.6,Alien Stone White,1.2,Alien Stone Leaf Green,0.6,Alien Stone Leaf Green,0.6,Blue Light Plat,3.4,Blue Light Plat,4.2,Space Studio,59.2,11.82857143
#455,359,Cosmic Power ,13.6,Alien Stone Pink,2.8,Alien Stone Red,2.2,Alien Stone Red,2.2,Pink Light Plat,1.4,Pink Light Plat,1.4,Space Studio,59.2,11.82857143
#367,355,Alien Collection,7.4,Alien Stone Putty,0.4,Alien Stone Putty,0.4,Alien Stone Putty,0.4,Alien  Plat,7.4,Alien  Plat,7.4,Space Studio,59.2,11.8
#365,357,Alien Collection,7.4,Alien Stone Ice Blue,0.4,Alien Stone Ice Blue,0.4,Alien Stone Ice Blue,0.4,Alien  Plat,7.4,Alien  Plat,7.4,Space Studio,59.2,11.8
#371,352,Alien Collection,7.4,Alien Stoneumber,0.4,Alien Stoneumber,0.4,Alien Stoneumber,0.4,Alien  Plat,7.4,Alien  Plat,7.4,Space Studio,59.2,11.8
#369,353,Alien Collection,7.4,Alien Stonepeach,0.4,Alien Stonepeach,0.4,Alien Stonepeach,0.4,Alien  Plat,7.4,Alien  Plat,7.4,Space Studio,59.2,11.8
#366,356,Alien Collection,7.4,Alien Stonejade,0.4,Alien Stonejade,0.4,Alien Stonejade,0.4,Alien  Plat,7.4,Alien  Plat,7.4,Space Studio,59.2,11.8
#373,351,Alien Collection,7.4,Alien Stone Lemon,0.4,Alien Stone Lemon,0.4,Alien Stone Lemon,0.4,Alien  Plat,7.4,Alien  Plat,7.4,Space Studio,59.2,11.8
#368,354,Alien Collection,7.4,Alien Stone Rosewood,0.4,Alien Stone Rosewood,0.4,Alien Stone Rosewood,0.4,Alien  Plat,7.4,Alien  Plat,7.4,Space Studio,59.2,11.8
#374,350,Alien Collection,7.4,Alien Stone Mauve,0.4,Alien Stone Mauve,0.4,Alien Stone Mauve,0.4,Alien  Plat,7.4,Alien  Plat,7.4,Space Studio,59.2,11.8
#359,358,Alien Collection,7.4,Alien Stone Teal,0.4,Alien Stone Teal,0.4,Alien Stone Teal,0.4,Alien  Plat,7.4,Alien  Plat,7.4,Space Studio,59.2,11.8
#456,349,Cosmic Power ,13.6,Alien Stone Pink,2.8,Alien Stone White,2,Alien Stone White,2,Pink Light Plat,1.4,Pink Light Plat,1.4,Space Studio,59.2,11.77142857
#441,348,Cosmic Power ,13.6,Alien Stone Yellow,2.8,Alien Stone Red,2.2,Alien Stone Red,2.2,Yellow Light Plat,1.2,Yellow Light Plat,1,Space Studio,59.2,11.74285714
#388,343,Alien Collection,7.4,Alien Stone White Purple Red,0.2,Alien Stone White Purple Red,0.2,Alien Stone White Purple Red,0.2,Alien  Plat,7.4,Alien  Plat,7.4,Space Studio,59.2,11.71428571
#385,346,Alien Collection,7.4,Alien Stone Aqua Red Orange,0.2,Alien Stone Aqua Red Orange,0.2,Alien Stone Aqua Red Orange,0.2,Alien  Plat,7.4,Alien  Plat,7.4,Space Studio,59.2,11.71428571
#452,342,Cosmic Power ,13.6,Alien Stone Pink,2.8,Alien Stone Green,1.8,Alien Stone Green,1.8,Pink Light Plat,1.4,Pink Light Plat,1.4,Space Studio,59.2,11.71428571
#386,345,Alien Collection,7.4,Alien Stone Aqua Blue Ice,0.2,Alien Stone Aqua Blue Ice,0.2,Alien Stone Aqua Blue Ice,0.2,Alien  Plat,7.4,Alien  Plat,7.4,Space Studio,59.2,11.71428571
#387,344,Alien Collection,7.4,Alien Stone White Purple Green,0.2,Alien Stone White Purple Green,0.2,Alien Stone White Purple Green,0.2,Alien  Plat,7.4,Alien  Plat,7.4,Space Studio,59.2,11.71428571
#358,347,Alien Collection,7.4,Alien Stone  Black,0.2,Alien Stone  Black,0.2,Alien Stone  Black,0.2,Alien  Plat,7.4,Alien  Plat,7.4,Space Studio,59.2,11.71428571
#453,341,Cosmic Power ,13.6,Alien Stone Pink,2.8,Alien Stone Orange,1.8,Alien Stone Orange,1.8,Pink Light Plat,1.4,Pink Light Plat,1.4,Space Studio,59.2,11.71428571
#443,340,Cosmic Power ,13.6,Alien Stone Yellow,2.8,Alien Stone Orange,1.8,Alien Stone Orange,1.8,Yellow Light Plat,1.2,Yellow Light Plat,1,Space Studio,59.2,11.62857143
#454,339,Cosmic Power ,13.6,Alien Stone Pink,2.8,Alien Stone Yellow,1.4,Alien Stone Yellow,1.4,Pink Light Plat,1.4,Pink Light Plat,1.4,Space Studio,59.2,11.6
#450,336,Cosmic Power ,13.6,Alien Stone Aqua,1.4,Alien Stone Red,2.2,Alien Stone Red,2.2,Aqua Light Plat,1.2,Aqua Light Plat,1.2,Space Studio,59.2,11.57142857
#389,338,Cosmic Power ,13.6,Blue Power ,0.2,Blue Power ,0.2,Blue Power ,0.2,Blue Light Plat,3.4,Blue Light Plat,4.2,Space Studio,59.2,11.57142857
#434,337,Cosmic Power ,13.6,Alien Stone Orange,1.4,Alien Stone Red,2.2,Alien Stone Red,2.2,Orange  Light Plat,1.2,Orange  Light Plat,1.2,Space Studio,59.2,11.57142857
#451,334,Cosmic Power ,13.6,Alien Stone Pink,2.8,Alien Stonepurple,1.2,Alien Stonepurple,1.2,Pink Light Plat,1.4,Pink Light Plat,1.4,Space Studio,59.2,11.54285714
#428,335,Cosmic Power ,13.6,Alien Stone Green,1.2,Alien Stone Red,2.2,Alien Stone Red,2.2,Green Light Plat,1.2,Green Light Plat,1.2,Space Studio,59.2,11.54285714
#432,333,Cosmic Power ,13.6,Alien Stone Orange,1.4,Alien Stone White,2,Alien Stone White,2,Orange  Light Plat,1.2,Orange  Light Plat,1.2,Space Studio,59.2,11.51428571
#437,331,Cosmic Power ,13.6,Alien Stone Brown,1.2,Alien Stone Red,2.2,Alien Stone Red,2.2,Brown Light Plat,1,Brown Light Plat,1,Space Studio,59.2,11.48571429
#429,332,Cosmic Power ,13.6,Alien Stone Green,1.2,Alien Stone White,2,Alien Stone White,2,Green Light Plat,1.2,Green Light Plat,1.2,Space Studio,59.2,11.48571429
#396,330,Cosmic Power ,13.6,Alien Stone Orange,1.4,Alien Stone Orange,1.8,Alien Stone Orange,1.8,Orange  Light Plat,1.2,Orange  Light Plat,1.2,Space Studio,59.2,11.45714286
#447,326,Cosmic Power ,13.6,Alien Stone Aqua,1.4,Alien Stone Green,1.8,Alien Stone Green,1.8,Aqua Light Plat,1.2,Aqua Light Plat,1.2,Space Studio,59.2,11.45714286
#445,328,Cosmic Power ,13.6,Alien Stone Yellow,2.8,Alien Stone Blue,1.2,Alien Stone Blue,1.2,Yellow Light Plat,1.2,Yellow Light Plat,1,Space Studio,59.2,11.45714286
#442,329,Cosmic Power ,13.6,Alien Stone Yellow,2.8,Alien Stonepurple,1.2,Alien Stonepurple,1.2,Yellow Light Plat,1.2,Yellow Light Plat,1,Space Studio,59.2,11.45714286
#446,327,Cosmic Power ,13.6,Alien Stone Aqua,1.4,Alien Stone Orange,1.8,Alien Stone Orange,1.8,Aqua Light Plat,1.2,Aqua Light Plat,1.2,Space Studio,59.2,11.45714286
#431,324,Cosmic Power ,13.6,Alien Stone Green,1.2,Alien Stone Orange,1.8,Alien Stone Orange,1.8,Green Light Plat,1.2,Green Light Plat,1.2,Space Studio,59.2,11.42857143
#393,325,Cosmic Power ,13.6,Alien Stone Green,1.2,Alien Stone Green,1.8,Alien Stone Green,1.8,Green Light Plat,1.2,Green Light Plat,1.2,Space Studio,59.2,11.42857143
#444,323,Cosmic Power ,13.6,Alien Stone Yellow,2.8,Alien Stone Aqua,1,Alien Stone Aqua,1,Yellow Light Plat,1.2,Yellow Light Plat,1,Space Studio,59.2,11.4
#438,321,Cosmic Power ,13.6,Alien Stone Brown,1.2,Alien Stone Green,1.8,Alien Stone Green,1.8,Brown Light Plat,1,Brown Light Plat,1,Space Studio,59.2,11.37142857
#411,322,Cosmic Power ,13.6,Alien Stone Pink,2.8,Alien Stone Pink,0.6,Alien Stone Pink,0.6,Pink Light Plat,1.4,Pink Light Plat,1.4,Space Studio,59.2,11.37142857
#433,320,Cosmic Power ,13.6,Alien Stone Orange,1.4,Alien Stone Yellow,1.4,Alien Stone Yellow,1.4,Orange  Light Plat,1.2,Orange  Light Plat,1.2,Space Studio,59.2,11.34285714
#449,319,Cosmic Power ,13.6,Alien Stone Aqua,1.4,Alien Stone Yellow,1.4,Alien Stone Yellow,1.4,Aqua Light Plat,1.2,Aqua Light Plat,1.2,Space Studio,59.2,11.34285714
#448,318,Cosmic Power ,13.6,Alien Stone Aqua,1.4,Alien Stonepurple,1.2,Alien Stonepurple,1.2,Aqua Light Plat,1.2,Aqua Light Plat,1.2,Space Studio,59.2,11.28571429
#400,317,Cosmic Power ,13.6,Alien Stone Aqua,1.4,Alien Stone Aqua,1,Alien Stone Aqua,1,Aqua Light Plat,1.2,Aqua Light Plat,1.2,Space Studio,59.2,11.22857143
#255,316,Lava Ring,5,Diamond White,2.2,Diamond White,0.6,Diamond Green,1.4,Lava Skin,5,Lava Skin,5,Space Studio,59.2,11.2
#394,315,Cosmic Power ,13.6,Alien Stone White,1.2,Alien Stone White,2,Alien Stone White,2,White Light Plat,0.2,White Light Plat,0.2,Space Studio,59.2,11.2
#395,314,Cosmic Power ,13.6,Alien Stone Teal,0.4,Alien Stone Teal,0.4,Alien Stone Teal,0.4,Teal Light Plat,0.2,Blue Light Plat,4.2,Space Studio,59.2,11.2
#430,312,Cosmic Power ,13.6,Alien Stone Green,1.2,Alien Stone Aqua,1,Alien Stone Aqua,1,Green Light Plat,1.2,Green Light Plat,1.2,Space Studio,59.2,11.2
#401,313,Cosmic Power ,13.6,Alien Stone Ice Blue,0.4,Alien Stone Ice Blue,0.4,Alien Stone Ice Blue,0.4,Ice Blue Light Plat,0.2,Blue Light Plat,4.2,Space Studio,59.2,11.2
#435,311,Cosmic Power ,13.6,Alien Stone Orange,1.4,Blue Lava Stone,0.8,Blue Lava Stone,0.8,Orange  Light Plat,1.2,Orange  Light Plat,1.2,Space Studio,59.2,11.17142857
#436,310,Cosmic Power ,13.6,Alien Stone Orange,1.4,Alien Stone Brown,0.6,Alien Stone Brown,0.6,Orange  Light Plat,1.2,Orange  Light Plat,1.2,Space Studio,59.2,11.11428571
#248,309,Wood Collection,4.8,Blue Lava Stone,0.6,Blue Lava Stone,0.8,Blue Lava Stone,0.8,Original Wood,5.6,Original Wood,5.6,Space Studio,59.2,11.05714286
#439,306,Cosmic Power ,13.6,Alien Stone Brown,1.2,Alien Stonelavender,0.6,Alien Stonelavender,0.6,Brown Light Plat,1,Brown Light Plat,1,Space Studio,59.2,11.02857143
#250,308,Lava Ring,5,Diamond Pink,2,Diamond Pink,0.4,Diamond Pink,0.6,Lava Skin,5,Lava Skin,5,Space Studio,59.2,11.02857143
#440,305,Cosmic Power ,13.6,Alien Stone Brown,1.2,Alien Stone Khaki,0.6,Alien Stone Khaki,0.6,Brown Light Plat,1,Brown Light Plat,1,Space Studio,59.2,11.02857143
#398,307,Cosmic Power ,13.6,Alien Stone Brown,1.2,Alien Stone Brown,0.6,Alien Stone Brown,0.6,Brown Light Plat,1,Brown Light Plat,1,Space Studio,59.2,11.02857143
#284,292,Turtle Collection,5.6,Color Lava Stone Brown,0.2,Color Lava Stone Brown,0.2,Color Lava Stone Brown,0.2,Turtle Skin,5.8,Turtle Skin,5.8,Space Studio,59.2,11
#296,280,Turtle Collection,5.6,Color Lava Stone Mauve,0.2,Color Lava Stone Mauve,0.2,Color Lava Stone Mauve,0.2,Turtle Skin,5.8,Turtle Skin,5.8,Space Studio,59.2,11
#276,300,Turtle Collection,5.6,Color Lava Stone Red,0.2,Color Lava Stone Red,0.2,Color Lava Stone Red,0.2,Turtle Skin,5.8,Turtle Skin,5.8,Space Studio,59.2,11
#300,276,Turtle Collection,5.6,Color Lava Stone Black Green,0.2,Color Lava Stone Black Green,0.2,Color Lava Stone Black Green,0.2,Turtle Skin,5.8,Turtle Skin,5.8,Space Studio,59.2,11
#283,293,Turtle Collection,5.6,Color Lava Stone Leaf Green,0.2,Color Lava Stone Leaf Green,0.2,Color Lava Stone Leaf Green,0.2,Turtle Skin,5.8,Turtle Skin,5.8,Space Studio,59.2,11
#292,284,Turtle Collection,5.6,Color Lava Stone Khaki,0.2,Color Lava Stone Khaki,0.2,Color Lava Stone Khaki,0.2,Turtle Skin,5.8,Turtle Skin,5.8,Space Studio,59.2,11
#285,291,Turtle Collection,5.6,Color Lava Stone Purple,0.2,Color Lava Stone Purple,0.2,Color Lava Stone Purple,0.2,Turtle Skin,5.8,Turtle Skin,5.8,Space Studio,59.2,11
#301,275,Turtle Collection,5.6,Color Lava Stone Yellow Blood,0.2,Color Lava Stone Yellow Blood,0.2,Color Lava Stone Yellow Blood,0.2,Turtle Skin,5.8,Turtle Skin,5.8,Space Studio,59.2,11
#279,297,Turtle Collection,5.6,Color Lava Stone  White,0.2,Color Lava Stone  White,0.2,Color Lava Stone  White,0.2,Turtle Skin,5.8,Turtle Skin,5.8,Space Studio,59.2,11
#287,289,Turtle Collection,5.6,Color Lava Stone Ice Blue,0.2,Color Lava Stone Ice Blue,0.2,Color Lava Stone Ice Blue,0.2,Turtle Skin,5.8,Turtle Skin,5.8,Space Studio,59.2,11
#291,285,Turtle Collection,5.6,Color Lava Stone Peach,0.2,Color Lava Stone Peach,0.2,Color Lava Stone Peach,0.2,Turtle Skin,5.8,Turtle Skin,5.8,Space Studio,59.2,11
#293,283,Turtle Collection,5.6,Color Lava Stone Umber,0.2,Color Lava Stone Umber,0.2,Color Lava Stone Umber,0.2,Turtle Skin,5.8,Turtle Skin,5.8,Space Studio,59.2,11
#262,303,Lava Ring,5,Diamond Aqua,1.6,Diamond Aqua,0.6,Diamond Aqua,0.6,Lava Skin,5,Lava Skin,5,Space Studio,59.2,11
#299,277,Turtle Collection,5.6,Color Lava Stone Dark Mix Green,0.2,Color Lava Stone Dark Mix Green,0.2,Color Lava Stone Dark Mix Green,0.2,Turtle Skin,5.8,Turtle Skin,5.8,Space Studio,59.2,11
#298,278,Turtle Collection,5.6,Color Lava Stone Mauve White,0.2,Color Lava Stone Mauve White,0.2,Color Lava Stone Mauve White,0.2,Turtle Skin,5.8,Turtle Skin,5.8,Space Studio,59.2,11
#290,286,Turtle Collection,5.6,Color Lava Stone Rosewood,0.2,Color Lava Stone Rosewood,0.2,Color Lava Stone Rosewood,0.2,Turtle Skin,5.8,Turtle Skin,5.8,Space Studio,59.2,11
#277,299,Turtle Collection,5.6,Color Lava Stone Blue,0.2,Color Lava Stone Blue,0.2,Color Lava Stone Blue,0.2,Turtle Skin,5.8,Turtle Skin,5.8,Space Studio,59.2,11
#295,281,Turtle Collection,5.6,Color Lava Stone Lemon,0.2,Color Lava Stone Lemon,0.2,Color Lava Stone Lemon,0.2,Turtle Skin,5.8,Turtle Skin,5.8,Space Studio,59.2,11
#254,304,Lava Ring,5,Diamond Green,0.4,Diamond Green,1,Diamond Green,1.4,Lava Skin,5,Lava Skin,5,Space Studio,59.2,11
#294,282,Turtle Collection,5.6,Color Lava Stone Lavender,0.2,Color Lava Stone Lavender,0.2,Color Lava Stone Lavender,0.2,Turtle Skin,5.8,Turtle Skin,5.8,Space Studio,59.2,11
#289,287,Turtle Collection,5.6,Color Lava Stone Putty,0.2,Color Lava Stone Putty,0.2,Color Lava Stone Putty,0.2,Turtle Skin,5.8,Turtle Skin,5.8,Space Studio,59.2,11
#286,290,Turtle Collection,5.6,Color Lava Stone Aqua,0.2,Color Lava Stone Aqua,0.2,Color Lava Stone Aqua,0.2,Turtle Skin,5.8,Turtle Skin,5.8,Space Studio,59.2,11
#274,302,Turtle Collection,5.6,Lava Stone!,0.2,Lava Stone!,0.2,Lava Stone!,0.2,Turtle Skin,5.8,Turtle Skin,5.8,Space Studio,59.2,11
#288,288,Turtle Collection,5.6,Color Lava Stone Jade,0.2,Color Lava Stone Jade,0.2,Color Lava Stone Jade,0.2,Turtle Skin,5.8,Turtle Skin,5.8,Space Studio,59.2,11
#297,279,Turtle Collection,5.6,Color Lava Stone Pink,0.2,Color Lava Stone Pink,0.2,Color Lava Stone Pink,0.2,Turtle Skin,5.8,Turtle Skin,5.8,Space Studio,59.2,11
#275,301,Turtle Collection,5.6,Color Lava Stone Yellow,0.2,Color Lava Stone Yellow,0.2,Color Lava Stone Yellow,0.2,Turtle Skin,5.8,Turtle Skin,5.8,Space Studio,59.2,11
#280,296,Turtle Collection,5.6,Color Lava Stone  Black,0.2,Color Lava Stone  Black,0.2,Color Lava Stone  Black,0.2,Turtle Skin,5.8,Turtle Skin,5.8,Space Studio,59.2,11
#278,298,Turtle Collection,5.6,Color Lava Stone Green,0.2,Color Lava Stone Green,0.2,Color Lava Stone Green,0.2,Turtle Skin,5.8,Turtle Skin,5.8,Space Studio,59.2,11
#282,294,Turtle Collection,5.6,Color Lava Stone Orange,0.2,Color Lava Stone Orange,0.2,Color Lava Stone Orange,0.2,Turtle Skin,5.8,Turtle Skin,5.8,Space Studio,59.2,11
#281,295,Turtle Collection,5.6,Color Lava Stone Teal,0.2,Color Lava Stone Teal,0.2,Color Lava Stone Teal,0.2,Turtle Skin,5.8,Turtle Skin,5.8,Space Studio,59.2,11
#251,274,Lava Ring,5,Diamond Yellow,1.4,Diamond Yellow,0.6,Diamond Yellow,0.6,Lava Skin,5,Lava Skin,5,Space Studio,59.2,10.97142857
#397,273,Cosmic Power ,13.6,Alien Stone Leaf Green,0.4,Alien Stone Leaf Green,0.6,Alien Stone Leaf Green,0.6,Green Light Plat,1.2,Green Light Plat,1.2,Space Studio,59.2,10.97142857
#259,272,Lava Ring,5,Diamond Leaf Green,0.4,Diamond Leaf Green,1,Diamond Leaf Green,1,Lava Skin,5,Lava Skin,5,Space Studio,59.2,10.94285714
#270,271,Lava Ring,5,Diamond Lavender,0.4,Diamond Lavender,1,Diamond Lavender,1,Lava Skin,5,Lava Skin,5,Space Studio,59.2,10.94285714
#253,269,Lava Ring,5,Diamond Blue,0.4,Diamond Blue,0.8,Diamond Blue,0.8,Lava Skin,5,Lava Skin,5,Space Studio,59.2,10.88571429
#271,265,Lava Ring,5,Diamond Lemon,0.4,Diamond Lemon,0.8,Diamond Lemon,0.8,Lava Skin,5,Lava Skin,5,Space Studio,59.2,10.88571429
#249,270,Lava Ring,5,Lava Stone,0.6,Lava Stone,0.6,Lava Stone,0.8,Lava Skin,5,Lava Skin,5,Space Studio,59.2,10.88571429
#266,267,Lava Ring,5,Diamond Rosewood,0.4,Diamond Rosewood,0.8,Diamond Rosewood,0.8,Lava Skin,5,Lava Skin,5,Space Studio,59.2,10.88571429
#256,268,Lava Ring,5,Diamond Black,0.4,Diamond Black,0.8,Diamond Black,0.8,Lava Skin,5,Lava Skin,5,Space Studio,59.2,10.88571429
#267,266,Lava Ring,5,Diamond Peach,0.4,Diamond Peach,0.8,Diamond Peach,0.8,Lava Skin,5,Lava Skin,5,Space Studio,59.2,10.88571429
#272,263,Lava Ring,5,Diamond Mauve,0.2,Diamond Lemon,0.8,Diamond Lemon,0.8,Lava Skin,5,Lava Skin,5,Space Studio,59.2,10.85714286
#252,264,Lava Ring,5,Diamond Red,0.4,Diamond Red,0.8,Diamond Red,0.6,Lava Skin,5,Lava Skin,5,Space Studio,59.2,10.85714286
#399,262,Cosmic Power ,13.6,Alien Stonepurple,0.4,Alien Stonepurple,1.2,Alien Stonepurple,1.2,Purple Light Plat,0.2,Purple Light Plat,0.2,Space Studio,59.2,10.85714286
#229,257,Wood Collection,4.8,Mineral Stone Diamond Green,0.2,Mineral Stone Diamond Green,0.2,Mineral Stone Diamond Green,0.2,Original Wood,5.6,Original Wood,5.6,Space Studio,59.2,10.82857143
#242,244,Wood Collection,4.8,Mineral Stone Diamond Peach,0.2,Mineral Stone Diamond Peach,0.2,Mineral Stone Diamond Peach,0.2,Original Wood,5.6,Original Wood,5.6,Space Studio,59.2,10.82857143
#226,260,Wood Collection,4.8,Mineral Stone Diamond Yellow,0.2,Mineral Stone Diamond Yellow,0.2,Mineral Stone Diamond Yellow,0.2,Original Wood,5.6,Original Wood,5.6,Space Studio,59.2,10.82857143
#257,238,Lava Ring,5,Diamond Teal,0.4,Diamond Teal,0.6,Diamond Teal,0.6,Lava Skin,5,Lava Skin,5,Space Studio,59.2,10.82857143
#235,251,Wood Collection,4.8,Mineral Stone Diamond Brown,0.2,Mineral Stone Diamond Brown,0.2,Mineral Stone Diamond Brown,0.2,Original Wood,5.6,Original Wood,5.6,Space Studio,59.2,10.82857143
#247,239,Wood Collection,4.8,Mineral Stone Diamond Mauve,0.2,Mineral Stone Diamond Mauve,0.2,Mineral Stone Diamond Mauve,0.2,Original Wood,5.6,Original Wood,5.6,Space Studio,59.2,10.82857143
#244,242,Wood Collection,4.8,Mineral Stone Diamond Umber,0.2,Mineral Stone Diamond Umber,0.2,Mineral Stone Diamond Umber,0.2,Original Wood,5.6,Original Wood,5.6,Space Studio,59.2,10.82857143
#231,255,Wood Collection,4.8,Mineral Stone Diamond Black,0.2,Mineral Stone Diamond Black,0.2,Mineral Stone Diamond Black,0.2,Original Wood,5.6,Original Wood,5.6,Space Studio,59.2,10.82857143
#234,252,Wood Collection,4.8,Mineral Stone Diamond Leaf Green,0.2,Mineral Stone Diamond Leaf Green,0.2,Mineral Stone Diamond Leaf Green,0.2,Original Wood,5.6,Original Wood,5.6,Space Studio,59.2,10.82857143
#243,243,Wood Collection,4.8,Mineral Stone Diamond Khaki,0.2,Mineral Stone Diamond Khaki,0.2,Mineral Stone Diamond Khaki,0.2,Original Wood,5.6,Original Wood,5.6,Space Studio,59.2,10.82857143
#241,245,Wood Collection,4.8,Mineral Stone Diamond Rosewood,0.2,Mineral Stone Diamond Rosewood,0.2,Mineral Stone Diamond Rosewood,0.2,Original Wood,5.6,Original Wood,5.6,Space Studio,59.2,10.82857143
#238,248,Wood Collection,4.8,Mineral Stone Diamond Ice Blue,0.2,Mineral Stone Diamond Ice Blue,0.2,Mineral Stone Diamond Ice Blue,0.2,Original Wood,5.6,Original Wood,5.6,Space Studio,59.2,10.82857143
#240,246,Wood Collection,4.8,Mineral Stone Diamond Putty,0.2,Mineral Stone Diamond Putty,0.2,Mineral Stone Diamond Putty,0.2,Original Wood,5.6,Original Wood,5.6,Space Studio,59.2,10.82857143
#269,237,Lava Ring,5,Diamond Umber,0.4,Diamond Umber,0.6,Diamond Umber,0.6,Lava Skin,5,Lava Skin,5,Space Studio,59.2,10.82857143
#225,261,Wood Collection,4.8,Mineral Stone Pink,0.2,Mineral Stone Pink,0.2,Mineral Stone Pink,0.2,Original Wood,5.6,Original Wood,5.6,Space Studio,59.2,10.82857143
#236,250,Wood Collection,4.8,Mineral Stone Diamond Dark Purple,0.2,Mineral Stone Diamond Dark Purple,0.2,Mineral Stone Diamond Dark Purple,0.2,Original Wood,5.6,Original Wood,5.6,Space Studio,59.2,10.82857143
#233,253,Wood Collection,4.8,Mineral Stone Diamond Orange,0.2,Mineral Stone Diamond Orange,0.2,Mineral Stone Diamond Orange,0.2,Original Wood,5.6,Original Wood,5.6,Space Studio,59.2,10.82857143
#230,256,Wood Collection,4.8,Mineral Stone Diamond White,0.2,Mineral Stone Diamond White,0.2,Mineral Stone Diamond White,0.2,Original Wood,5.6,Original Wood,5.6,Space Studio,59.2,10.82857143
#228,258,Wood Collection,4.8,Mineral Stone Diamond Blue,0.2,Mineral Stone Diamond Blue,0.2,Mineral Stone Diamond Blue,0.2,Original Wood,5.6,Original Wood,5.6,Space Studio,59.2,10.82857143
#246,240,Wood Collection,4.8,Mineral Stone Diamond Lemon,0.2,Mineral Stone Diamond Lemon,0.2,Mineral Stone Diamond Lemon,0.2,Original Wood,5.6,Original Wood,5.6,Space Studio,59.2,10.82857143
#245,241,Wood Collection,4.8,Mineral Stone Diamond Lavender,0.2,Mineral Stone Diamond Lavender,0.2,Mineral Stone Diamond Lavender,0.2,Original Wood,5.6,Original Wood,5.6,Space Studio,59.2,10.82857143
#232,254,Wood Collection,4.8,Mineral Stone Diamond Teal,0.2,Mineral Stone Diamond Teal,0.2,Mineral Stone Diamond Teal,0.2,Original Wood,5.6,Original Wood,5.6,Space Studio,59.2,10.82857143
#237,249,Wood Collection,4.8,Mineral Stone Diamond Aqua,0.2,Mineral Stone Diamond Aqua,0.2,Mineral Stone Diamond Aqua,0.2,Original Wood,5.6,Original Wood,5.6,Space Studio,59.2,10.82857143
#239,247,Wood Collection,4.8,Mineral Stone Diamond Jade,0.2,Mineral Stone Diamond Jade,0.2,Mineral Stone Diamond Jade,0.2,Original Wood,5.6,Original Wood,5.6,Space Studio,59.2,10.82857143
#227,259,Wood Collection,4.8,Mineral Stone Diamond Red,0.2,Mineral Stone Diamond Red,0.2,Mineral Stone Diamond Red,0.2,Original Wood,5.6,Original Wood,5.6,Space Studio,59.2,10.82857143
#268,233,Lava Ring,5,Diamond Khaki,0.4,Diamond Khaki,0.4,Diamond Khaki,0.4,Lava Skin,5,Lava Skin,5,Space Studio,59.2,10.77142857
#263,235,Lava Ring,5,Diamond Ice Blue,0.4,Diamond Ice Blue,0.4,Diamond Ice Blue,0.4,Lava Skin,5,Lava Skin,5,Space Studio,59.2,10.77142857
#258,236,Lava Ring,5,Diamond Orange,0.4,Diamond Orange,0.4,Diamond Orange,0.4,Lava Skin,5,Lava Skin,5,Space Studio,59.2,10.77142857
#412,232,Cosmic Power ,13.6,Blue Lava Stone,0.6,Blue Lava Stone,0.8,Blue Lava Stone,0.8,Blue Lava Light Plat,0.2,Blue Lava Light Plat,0.2,Space Studio,59.2,10.77142857
#264,234,Lava Ring,5,Diamond Jade,0.4,Diamond Jade,0.4,Diamond Jade,0.4,Lava Skin,5,Lava Skin,5,Space Studio,59.2,10.77142857
#261,230,Lava Ring,5,Diamond Dark Purple,0.2,Diamond Dark Purple,0.2,Diamond Dark Purple,0.2,Lava Skin,5,Lava Skin,5,Space Studio,59.2,10.68571429
#273,228,Lava Ring,5,Thunder Stone,0.2,Thunder Stone,0.2,Thunder Stone,0.2,Lava Skin,5,Lava Skin,5,Space Studio,59.2,10.68571429
#408,226,Cosmic Power ,13.6,Alien Stonelavender,0.4,Alien Stonelavender,0.6,Alien Stonelavender,0.6,Lavender Light Plat,0.2,Lavender Light Plat,0.2,Space Studio,59.2,10.68571429
#260,231,Lava Ring,5,Diamond Brown,0.2,Diamond Brown,0.2,Diamond Brown,0.2,Lava Skin,5,Lava Skin,5,Space Studio,59.2,10.68571429
#265,229,Lava Ring,5,Diamond Putty,0.2,Diamond Putty,0.2,Diamond Putty,0.2,Lava Skin,5,Lava Skin,5,Space Studio,59.2,10.68571429
#406,227,Cosmic Power ,13.6,Alien Stone Khaki,0.4,Alien Stone Khaki,0.6,Alien Stone Khaki,0.6,Khakilight Plat,0.2,Khakilight Plat,0.2,Space Studio,59.2,10.68571429
#409,220,Cosmic Power ,13.6,Alien Stone Lemon,0.4,Alien Stone Lemon,0.4,Alien Stone Lemon,0.4,Lemon Light Plat,0.2,Lemon Light Plat,0.2,Space Studio,59.2,10.62857143
#405,222,Cosmic Power ,13.6,Alien Stonepeach,0.4,Alien Stonepeach,0.4,Alien Stonepeach,0.4,Peach Light Plat,0.2,Peach Light Plat,0.2,Space Studio,59.2,10.62857143
#407,221,Cosmic Power ,13.6,Alien Stoneumber,0.4,Alien Stoneumber,0.4,Alien Stoneumber,0.4,Umber Light Plat,0.2,Umber Light Plat,0.2,Space Studio,59.2,10.62857143
#404,223,Cosmic Power ,13.6,Alien Stone Rosewood,0.4,Alien Stone Rosewood,0.4,Alien Stone Rosewood,0.4,Rosewood Light Plat,0.2,Rosewood Light Plat,0.2,Space Studio,59.2,10.62857143
#410,219,Cosmic Power ,13.6,Alien Stone Mauve,0.4,Alien Stone Mauve,0.4,Alien Stone Mauve,0.4,Mauve Light Plat,0.2,Mauve Light Plat,0.2,Space Studio,59.2,10.62857143
#402,225,Cosmic Power ,13.6,Alien Stonejade,0.4,Alien Stonejade,0.4,Alien Stonejade,0.4,Jade  Light Plat,0.2,Jade  Light Plat,0.2,Space Studio,59.2,10.62857143
#403,224,Cosmic Power ,13.6,Alien Stone Putty,0.4,Alien Stone Putty,0.4,Alien Stone Putty,0.4,Putty Light Plat,0.2,Putty Light Plat,0.2,Space Studio,59.2,10.62857143
#464,218,Hologram Rings Collection,2.8,Hologram Green,0.6,Hologram Green,1.4,Hologram Green,1.4,Hologram Blue,1.4,Hologram Blue,1.4,Space Studio,59.2,9.74285714
#460,217,Hologram Rings Collection,2.8,Hologram Green,0.6,Hologram Green,1.4,Hologram Green,1.4,Hologram Green,0.6,Hologram Green,0.6,Space Studio,59.2,9.51428571
#469,216,Hologram Rings Collection,2.8,Hologram Red,0.6,Hologram Green,1.4,Hologram Green,1.4,Hologram Green,0.6,Hologram Green,0.6,Space Studio,59.2,9.51428571
#468,215,Hologram Rings Collection,2.8,Hologram Blue,0.4,Hologram Green,1.4,Hologram Green,1.4,Hologram Green,0.6,Hologram Green,0.6,Space Studio,59.2,9.48571429
#465,213,Hologram Rings Collection,2.8,Hologram Red,0.6,Hologram Red,0.4,Hologram Red,0.4,Hologram Blue,1.4,Hologram Blue,1.4,Space Studio,59.2,9.45714286
#463,214,Hologram Rings Collection,2.8,Hologram Yellow,0.4,Hologram Yellow,0.6,Hologram Yellow,0.4,Hologram Blue,1.4,Hologram Blue,1.4,Space Studio,59.2,9.45714286
#466,211,Hologram Rings Collection,2.8,Hologram Orange,0.4,Hologram Orange,0.4,Hologram Orange,0.4,Hologram Blue,1.4,Hologram Blue,1.4,Space Studio,59.2,9.42857143
#457,212,Hologram Rings Collection,2.8,Hologram Blue,0.4,Hologram Blue,0.4,Hologram Blue,0.4,Hologram Blue,1.4,Hologram Blue,1.4,Space Studio,59.2,9.42857143
#467,210,Hologram Rings Collection,2.8,Hologram Aqua,0.2,Hologram Aqua,0.2,Hologram Aqua,0.2,Hologram Blue,1.4,Hologram Blue,1.4,Space Studio,59.2,9.34285714
#459,209,Hologram Rings Collection,2.8,Hologram Yellow,0.4,Hologram Yellow,0.6,Hologram Yellow,0.4,Hologram Yellow,0.4,Hologram Yellow,0.2,Space Studio,59.2,9.14285714
#458,208,Hologram Rings Collection,2.8,Hologram Red,0.6,Hologram Red,0.4,Hologram Red,0.4,Hologram Red,0.2,Hologram Red,0.2,Space Studio,59.2,9.11428571
#461,207,Hologram Rings Collection,2.8,Hologram White,0.2,Hologram Blue,0.4,Hologram Blue,0.4,Hologram White,0.4,Hologram White,0.4,Space Studio,59.2,9.11428571
#462,206,Hologram Rings Collection,2.8,Hologram Orange,0.4,Hologram Orange,0.4,Hologram Orange,0.4,Hologram Orange,0.2,Hologram Orange,0.2,Space Studio,59.2,9.08571429
#470,205,Hologram Rings Collection,2.8,Hologram Numeric Green,0.2,Hologram Numeric Blue,0.2,Hologram Numeric Blue,0.2,Hologram Numeric Green,0.2,Hologram Numeric Blue,0.2,Space Studio,59.2,9
#148,204,Gold Diamond Collection,10,Rough Diamond White,6.2,Rough Diamond Lavender,2.4,Rough Diamond Lavender,2.4,Gold Plate,14.6,Gold Plate,14.6,Lavender White Soft Tie Dye,0.2,7.2
#146,202,Gold Diamond Collection,10,Rough Diamond White,6.2,Rough Diamond Green,2.2,Rough Diamond Green,2.2,Gold Plate,14.6,Gold Plate,14.6,Green White Soft Tie Dye,0.4,7.17142857
#145,203,Gold Diamond Collection,10,Rough Diamond White,6.2,Rough Diamond Blue,2.2,Rough Diamond Blue,2.2,Gold Plate,14.6,Gold Plate,14.6,Blue White Soft Tie Dye,0.4,7.17142857
#129,200,Gold Diamond Collection,10,Rough Diamond Pink,5.4,Rough Diamond Green,2.2,Rough Diamond Green,2.2,Gold Plate,14.6,Gold Plate,14.6,Pink Green Soft Tie Dye,0.6,7.08571429
#142,199,Gold Diamond Collection,10,Rough Diamond Aqua,3.6,Rough Diamond Lavender,2.4,Rough Diamond Lavender,2.4,Gold Plate,14.6,Gold Plate,14.6,Aqua White Soft Tie Dye,2,7.08571429
#128,201,Gold Diamond Collection,10,Rough Diamond Pink,5.4,Rough Diamond Blue,2.2,Rough Diamond Blue,2.2,Gold Plate,14.6,Gold Plate,14.6,Pink Blue Soft Tie Dye,0.6,7.08571429
#151,196,Gold Diamond Collection,10,Rough Diamond White,6.2,Rough Diamond Rosewood,1.6,Rough Diamond Rosewood,1.6,Gold Plate,14.6,Gold Plate,14.6,Rosewood Soft Tie Dye,0.8,7.05714286
#144,198,Gold Diamond Collection,10,Rough Diamond White,6.2,Rough Diamond Yellow,1.8,Rough Diamond Yellow,1.8,Gold Plate,14.6,Gold Plate,14.6,Yellow White Soft Tie Dye,0.4,7.05714286
#147,197,Gold Diamond Collection,10,Rough Diamond White,6.2,Rough Diamond Black,1.8,Rough Diamond Black,1.8,Gold Plate,14.6,Gold Plate,14.6,Black White Soft Tie Dye,0.4,7.05714286
#138,195,Gold Diamond Collection,10,Rough Diamond Aqua,3.6,Rough Diamond Blue,2.2,Rough Diamond Blue,2.2,Gold Plate,14.6,Gold Plate,14.6,Aqua White Soft Tie Dye,2,7.02857143
#150,194,Gold Diamond Collection,10,Rough Diamond White,6.2,Rough Diamond Peach,1.6,Rough Diamond Peach,1.6,Gold Plate,14.6,Gold Plate,14.6,Peach White Soft Tie Dye,0.4,7
#131,192,Gold Diamond Collection,10,Rough Diamond Pink,5.4,Rough Diamond Black,1.8,Rough Diamond Black,1.8,Gold Plate,14.6,Gold Plate,14.6,Pink Black Soft Tie Dye,0.6,6.97142857
#127,193,Gold Diamond Collection,10,Rough Diamond Pink,5.4,Rough Diamond Yellow,1.8,Rough Diamond Yellow,1.8,Gold Plate,14.6,Gold Plate,14.6,Pink Yellow Soft Tie Dye,0.6,6.97142857
#133,191,Gold Diamond Collection,10,Rough Diamond Yellow,3.6,Rough Diamond Lavender,2.4,Rough Diamond Lavender,2.4,Gold Plate,14.6,Gold Plate,14.6,Lavender Soft Tie Dye,1,6.94285714
#143,190,Gold Diamond Collection,10,Rough Diamond White,6.2,Rough Diamond Red,1.4,Rough Diamond Red,1.4,Gold Plate,14.6,Gold Plate,14.6,Red White Soft Tie Dye,0.4,6.94285714
#107,189,Gold Diamond Collection,10,Rough Diamond White,6.2,Rough Diamond White,1.2,Rough Diamond White,1.2,Gold Plate,14.6,Gold Plate,14.6,White Soft Tie Dye,0.6,6.91428571
#149,188,Gold Diamond Collection,10,Rough Diamond White,6.2,Rough Diamond Taupe,1.2,Rough Diamond Taupe,1.2,Gold Plate,14.6,Gold Plate,14.6,Taupe White Soft Tie Dye,0.4,6.88571429
#140,185,Gold Diamond Collection,10,Rough Diamond Aqua,3.6,Rough Diamond Rosewood,1.6,Rough Diamond Rosewood,1.6,Gold Plate,14.6,Gold Plate,14.6,Aqua White Soft Tie Dye,2,6.85714286
#141,184,Gold Diamond Collection,10,Rough Diamond Aqua,3.6,Rough Diamond Peach,1.6,Rough Diamond Peach,1.6,Gold Plate,14.6,Gold Plate,14.6,Aqua White Soft Tie Dye,2,6.85714286
#126,187,Gold Diamond Collection,10,Rough Diamond Pink,5.4,Rough Diamond Red,1.4,Rough Diamond Red,1.4,Gold Plate,14.6,Gold Plate,14.6,Pink Red Soft Tie Dye,0.6,6.85714286
#137,186,Gold Diamond Collection,10,Rough Diamond Yellow,3.6,Rough Diamond Green,2.2,Rough Diamond Green,2.2,Gold Plate,14.6,Gold Plate,14.6,Green Soft Tie Dye,0.8,6.85714286
#132,181,Gold Diamond Collection,10,Rough Diamond Pink,5.4,Rough Diamond Teal,1.2,Rough Diamond Teal,1.2,Gold Plate,14.6,Gold Plate,14.6,Pink Teal Soft Tie Dye,0.6,6.8
#130,182,Gold Diamond Collection,10,Rough Diamond Pink,5.4,Rough Diamond White,1.2,Rough Diamond White,1.2,Gold Plate,14.6,Gold Plate,14.6,Pink White Soft Tie Dye,0.6,6.8
#125,183,Gold Diamond Collection,10,Rough Diamond Pink,5.4,Rough Diamond Lemon ,1.2,Rough Diamond Lemon ,1.2,Gold Plate,14.6,Gold Plate,14.6,Pink Lemon Soft Tie Dye,0.6,6.8
#139,180,Gold Diamond Collection,10,Rough Diamond Aqua,3.6,Rough Diamond Sienna,1.4,Rough Diamond Sienna,1.4,Gold Plate,14.6,Gold Plate,14.6,Aqua White Soft Tie Dye,2,6.8
#103,179,Gold Diamond Collection,10,Rough Diamond Yellow,3.6,Rough Diamond Yellow,1.8,Rough Diamond Yellow,1.8,Gold Plate,14.6,Gold Plate,14.6,Soft Yellow Tie Dye,0.6,6.71428571
#135,177,Gold Diamond Collection,10,Rough Diamond Yellow,3.6,Rough Diamond Coper,1.4,Rough Diamond Coper,1.4,Gold Plate,14.6,Gold Plate,14.6,Coper Soft Tie Dye,0.8,6.62857143
#136,176,Gold Diamond Collection,10,Rough Diamond Yellow,3.6,Rough Diamond Turqoise,1.4,Rough Diamond Turqoise,1.4,Gold Plate,14.6,Gold Plate,14.6,Turqoise Soft Tie Dye,0.8,6.62857143
#102,178,Gold Diamond Collection,10,Rough Diamond Pink,5.4,Rough Diamond Pink,0.6,Rough Diamond Pink,0.6,Gold Plate,14.6,Gold Plate,14.6,Soft Pink Tie Dye,0.6,6.62857143
#134,175,Gold Diamond Collection,10,Rough Diamond Yellow,3.6,Rough Diamond Umber,1.2,Rough Diamond Umber,1.2,Gold Plate,14.6,Gold Plate,14.6,Umber Soft Tie Dye,0.8,6.57142857
#122,174,Gold Diamond Collection,10,Rough Diamond Lavender,0.6,Rough Diamond Lavender,2.4,Rough Diamond Lavender,2.4,Gold Plate,14.6,Gold Plate,14.6,Lavender Soft Tie Dye,1,6.51428571
#106,173,Gold Diamond Collection,10,Rough Diamond Green,0.6,Rough Diamond Green,2.2,Rough Diamond Green,2.2,Gold Plate,14.6,Gold Plate,14.6,Green Soft Tie Dye,0.8,6.42857143
#105,172,Gold Diamond Collection,10,Rough Diamond Blue,0.6,Rough Diamond Blue,2.2,Rough Diamond Blue,2.2,Gold Plate,14.6,Gold Plate,14.6,Blue Soft Tie Dye,0.6,6.4
#114,171,Gold Diamond Collection,10,Rough Diamond Aqua,3.6,Rough Diamond Aqua,0.6,Rough Diamond Aqua,0.6,Gold Plate,14.6,Gold Plate,14.6,Aqua Soft Tie Dye,0.6,6.37142857
#108,170,Gold Diamond Collection,10,Rough Diamond Black,0.6,Rough Diamond Black,1.8,Rough Diamond Black,1.8,Gold Plate,14.6,Gold Plate,14.6,Black Soft Tie Dye,0.6,6.28571429
#118,169,Gold Diamond Collection,10,Rough Diamond Rosewood,0.6,Rough Diamond Rosewood,1.6,Rough Diamond Rosewood,1.6,Gold Plate,14.6,Gold Plate,14.6,Rosewood Soft Tie Dye,0.8,6.25714286
#119,168,Gold Diamond Collection,10,Rough Diamond Peach,0.6,Rough Diamond Peach,1.6,Rough Diamond Peach,1.6,Gold Plate,14.6,Gold Plate,14.6,Peach Soft Tie Dye,0.6,6.22857143
#117,166,Gold Diamond Collection,10,Rough Diamond Coper,0.6,Rough Diamond Coper,1.4,Rough Diamond Coper,1.4,Gold Plate,14.6,Gold Plate,14.6,Coper Soft Tie Dye,0.8,6.2
#115,167,Gold Diamond Collection,10,Rough Diamond Turqoise,0.6,Rough Diamond Turqoise,1.4,Rough Diamond Turqoise,1.4,Gold Plate,14.6,Gold Plate,14.6,Turqoise Soft Tie Dye,0.8,6.2
#104,165,Gold Diamond Collection,10,Rough Diamond Red,0.6,Rough Diamond Red,1.4,Rough Diamond Red,1.4,Gold Plate,14.6,Gold Plate,14.6,Soft Red Tie Dye,0.6,6.17142857
#113,164,Gold Diamond Collection,10,Rough Diamond Sienna,0.6,Rough Diamond Sienna,1.4,Rough Diamond Sienna,1.4,Gold Plate,14.6,Gold Plate,14.6,Sienna Soft Tie Dye,0.6,6.17142857
#121,163,Gold Diamond Collection,10,Rough Diamond Umber,0.6,Rough Diamond Umber,1.2,Rough Diamond Umber,1.2,Gold Plate,14.6,Gold Plate,14.6,Umber Soft Tie Dye,0.8,6.14285714
#123,161,Gold Diamond Collection,10,Rough Diamond Taupe,0.6,Rough Diamond Taupe,1.2,Rough Diamond Taupe,1.2,Gold Plate,14.6,Gold Plate,14.6,Taupe Soft Tie Dye,0.6,6.11428571
#124,160,Gold Diamond Collection,10,Rough Diamond Lemon,0.6,Rough Diamond Lemon,1.2,Rough Diamond Lemon,1.2,Gold Plate,14.6,Gold Plate,14.6,Lemon Soft Tie Dye,0.6,6.11428571
#109,162,Gold Diamond Collection,10,Rough Diamond Teal,0.6,Rough Diamond Teal,1.2,Rough Diamond Teal,1.2,Gold Plate,14.6,Gold Plate,14.6,Teal Soft Tie Dye,0.6,6.11428571
#47,159,Original Ring Collection,10.2,Rough Diamond White,6.2,Rough Diamond Lavender,2.4,Rough Diamond Lavender,2.4,Silver Plate,10.2,Silver Plate,10.2,White Lavender Soft Tie Dye,0.2,5.97142857
#110,158,Gold Diamond Collection,10,Rough Diamond Orange,0.6,Rough Diamond Orange,0.6,Rough Diamond Orange,0.6,Gold Plate,14.6,Gold Plate,14.6,Orange Soft Tie Dye,0.6,5.94285714
#116,155,Gold Diamond Collection,10,Rugh Diamond Jade,0.6,Rugh Diamond Jade,0.6,Rugh Diamond Jade,0.6,Gold Plate,14.6,Gold Plate,14.6,Jade Soft Tie Dye,0.6,5.94285714
#120,154,Gold Diamond Collection,10,Rough Diamond Khaki,0.6,Rough Diamond Khaki,0.6,Rough Diamond Khaki,0.6,Gold Plate,14.6,Gold Plate,14.6,Khaki Soft Tie Dye,0.6,5.94285714
#112,156,Gold Diamond Collection,10,Rough Diamond Brown,0.6,Rough Diamond Brown,0.6,Rough Diamond Brown,0.6,Gold Plate,14.6,Gold Plate,14.6,Brown  Soft Tie Dye,0.6,5.94285714
#111,157,Gold Diamond Collection,10,Diamond Gold Granules,0.6,Diamond Gold Granules,0.6,Diamond Gold Granules,0.6,Gold Plate,14.6,Gold Plate,14.6,Gold Soft Tie Dye,0.6,5.94285714
#45,152,Original Ring Collection,10.2,Rough Diamond White,6.2,Rough Diamond Green,2.2,Rough Diamond Green,2.2,Silver Plate,10.2,Silver Plate,10.2,White Green Soft Tie Dye,0.2,5.91428571
#44,153,Original Ring Collection,10.2,Rough Diamond White,6.2,Rough Diamond Blue,2.2,Rough Diamond Blue,2.2,Silver Plate,10.2,Silver Plate,10.2,Whtie Blue Soft Tie Dye,0.2,5.91428571
#98,151,Bronze Diamond Collection,10,Rough Diamond White,6.2,Rough Diamond Lavender,2.4,Rough Diamond Lavender,2.4,Bronze Plate,10,Bronze Plate,10,Lavenderwhite Soft Tie Dye,0.2,5.88571429
#27,150,Original Ring Collection,10.2,Rough Diamond Pink,5.4,Rough Diamond Blue,2.2,Rough Diamond Blue,2.2,Silver Plate,10.2,Silver Plate,10.2,Pink Blue Soft Tie Dye,0.6,5.85714286
#95,148,Bronze Diamond Collection,10,Rough Diamond White,6.2,Rough Diamond Blue,2.2,Rough Diamond Blue,2.2,Bronze Plate,10,Bronze Plate,10,Blue White Soft Tie Dye,0.4,5.85714286
#28,149,Original Ring Collection,10.2,Rough Diamond Pink,5.4,Rough Diamond Green,2.2,Rough Diamond Green,2.2,Silver Plate,10.2,Silver Plate,10.2,Pink Green Soft Tie Dye,0.6,5.85714286
#96,147,Bronze Diamond Collection,10,Rough Diamond White,6.2,Rough Diamond Green,2.2,Rough Diamond Green,2.2,Bronze Plate,10,Bronze Plate,10,Green White Soft Tie Dye,0.4,5.85714286
#46,145,Original Ring Collection,10.2,Rough Diamond White,6.2,Rough Diamond Black,1.8,Rough Diamond Black,1.8,Silver Plate,10.2,Silver Plate,10.2,White Black Soft Tie Dye,0.2,5.8
#43,146,Original Ring Collection,10.2,Rough Diamond White,6.2,Rough Diamond Yellow,1.8,Rough Diamond Yellow,1.8,Silver Plate,10.2,Silver Plate,10.2,White Yellow Soft Tie Dye,0.2,5.8
#92,142,Bronze Diamond Collection,10,Rough Diamond Aqua,3.6,Rough Diamond Lavender,2.4,Rough Diamond Lavender,2.4,Bronze Plate,10,Bronze Plate,10,Aqua White Soft Tie Dye,2,5.77142857
#78,144,Bronze Diamond Collection,10,Rough Diamond Pink,5.4,Rough Diamond Blue,2.2,Rough Diamond Blue,2.2,Bronze Plate,10,Bronze Plate,10,Pink Blue Soft Tie Dye,0.6,5.77142857
#79,143,Bronze Diamond Collection,10,Rough Diamond Pink,5.4,Rough Diamond Green,2.2,Rough Diamond Green,2.2,Bronze Plate,10,Bronze Plate,10,Pink Green Soft Tie Dye,0.6,5.77142857
#30,140,Original Ring Collection,10.2,Rough Diamond Pink,5.4,Rough Diamond Black,1.8,Rough Diamond Black,1.8,Silver Plate,10.2,Silver Plate,10.2,Pink Black Soft Tie Dye,0.6,5.74285714
#94,138,Bronze Diamond Collection,10,Rough Diamond White,6.2,Rough Diamond Yellow,1.8,Rough Diamond Yellow,1.8,Bronze Plate,10,Bronze Plate,10,Yellow White Soft Tie Dye,0.4,5.74285714
#26,141,Original Ring Collection,10.2,Rough Diamond Pink,5.4,Rough Diamond Yellow,1.8,Rough Diamond Yellow,1.8,Silver Plate,10.2,Silver Plate,10.2,Pink Yellow Soft Tie Dye,0.6,5.74285714
#50,139,Original Ring Collection,10.2,Rough Diamond White,6.2,Rough Diamond Rosewood,1.6,Rough Diamond Rosewood,1.6,Silver Plate,10.2,Silver Plate,10.2,White Rosewood Soft Tie Dye,0.2,5.74285714
#97,137,Bronze Diamond Collection,10,Rough Diamond White,6.2,Rough Diamond Black,1.8,Rough Diamond Black,1.8,Bronze Plate,10,Bronze Plate,10,Black White Soft Tie Dye,0.4,5.74285714
#88,136,Bronze Diamond Collection,10,Rough Diamond Aqua,3.6,Rough Diamond Blue,2.2,Rough Diamond Blue,2.2,Bronze Plate,10,Bronze Plate,10,Aqua White Soft Tie Dye,2,5.71428571
#100,134,Bronze Diamond Collection,10,Rough Diamond White,6.2,Rough Diamond Peach,1.6,Rough Diamond Peach,1.6,Bronze Plate,10,Bronze Plate,10,Peach White Soft Tie Dye,0.4,5.68571429
#6,135,Original Ring Collection,10.2,Rough Diamond White,6.2,Rough Diamond White,1.2,Rough Diamond White,1.2,Silver Plate,10.2,Silver Plate,10.2,White Soft Tie Dye,0.6,5.68571429
#81,132,Bronze Diamond Collection,10,Rough Diamond Pink,5.4,Rough Diamond Black,1.8,Rough Diamond Black,1.8,Bronze Plate,10,Bronze Plate,10,Pink Black Soft Tie Dye,0.6,5.65714286
#101,131,Bronze Diamond Collection,10,Rough Diamond White,6.2,Rough Diamond Rosewood,1.6,Rough Diamond Rosewood,1.6,Bronze Plate,10,Bronze Plate,10,Rosewood White Soft Tie Dye,0.2,5.65714286
#77,133,Bronze Diamond Collection,10,Rough Diamond Pink,5.4,Rough Diamond Yellow,1.8,Rough Diamond Yellow,1.8,Bronze Plate,10,Bronze Plate,10,Pink Yellow Soft Tie Dye,0.6,5.65714286
#48,129,Original Ring Collection,10.2,Rough Diamond White,6.2,Rough Diamond Taupe,1.2,Rough Diamond Taupe,1.2,Silver Plate,10.2,Silver Plate,10.2,Whte Taupe Soft Tie Dye,0.2,5.62857143
#93,127,Bronze Diamond Collection,10,Rough Diamond White,6.2,Rough Diamond Red,1.4,Rough Diamond Red,1.4,Bronze Plate,10,Bronze Plate,10,Red White Soft Tie Dye,0.4,5.62857143
#83,128,Bronze Diamond Collection,10,Rough Diamond Yellow,3.6,Rough Diamond Lavender,2.4,Rough Diamond Lavender,2.4,Bronze Plate,10,Bronze Plate,10,Lavender Soft Tie Dye,1,5.62857143
#32,130,Original Ring Collection,10.2,Rough Diamond Yellow,3.6,Rough Diamond Lavender,2.4,Rough Diamond Lavender,2.4,Silver Plate,10.2,Silver Plate,10.2,Yellow Lavender Soft Tie Dye,0.4,5.62857143
#41,126,Original Ring Collection,10.2,Rough Diamond Aqua,3.6,Rough Diamond Lavender,2.4,Rough Diamond Lavender,2.4,Silver Plate,10.2,Silver Plate,10.2,Aqua Lavender Soft Tie Dye,0.2,5.6
#57,125,Bronze Diamond Collection,10,Rough Diamond White,6.2,Rough Diamond White,1.2,Rough Diamond White,1.2,Bronze Plate,10,Bronze Plate,10,White Soft Tie Dye,0.6,5.6
#211,111,King Gold Collection,4.6,King Ruby Leaf Green,0.2,King Ruby Leaf Green,0.2,King Ruby Leaf Green,0.2,Gold Plate,14.6,Gold Plate,14.6,Gold Leather,4.6,5.57142857
#223,99,King Gold Collection,4.6,King Ruby  Lemon,0.2,King Ruby  Lemon,0.2,King Ruby  Lemon,0.2,Gold Plate,14.6,Gold Plate,14.6,Gold Leather,4.6,5.57142857
#203,119,King Gold Collection,4.6,King Ruby Yellow,0.2,King Ruby Yellow,0.2,King Ruby Yellow,0.2,Gold Plate,14.6,Gold Plate,14.6,Gold Leather,4.6,5.57142857
#216,106,King Gold Collection,4.6,King Ruby Jade,0.2,King Ruby Jade,0.2,King Ruby Jade,0.2,Gold Plate,14.6,Gold Plate,14.6,Gold Leather,4.6,5.57142857
#217,105,King Gold Collection,4.6,King Ruby Putty,0.2,King Ruby Putty,0.2,King Ruby Putty,0.2,Gold Plate,14.6,Gold Plate,14.6,Gold Leather,4.6,5.57142857
#215,107,King Gold Collection,4.6,King Ruby  Ice Blue,0.2,King Ruby  Ice Blue,0.2,King Ruby  Ice Blue,0.2,Gold Plate,14.6,Gold Plate,14.6,Gold Leather,4.6,5.57142857
#214,108,King Gold Collection,4.6,King Ruby Aqua,0.2,King Ruby Aqua,0.2,King Ruby Aqua,0.2,Gold Plate,14.6,Gold Plate,14.6,Gold Leather,4.6,5.57142857
#219,103,King Gold Collection,4.6,King Ruby Peach,0.2,King Ruby Peach,0.2,King Ruby Peach,0.2,Gold Plate,14.6,Gold Plate,14.6,Gold Leather,4.6,5.57142857
#212,110,King Gold Collection,4.6,King Ruby  Brown,0.2,King Ruby  Brown,0.2,King Ruby  Brown,0.2,Gold Plate,14.6,Gold Plate,14.6,Gold Leather,4.6,5.57142857
#208,114,King Gold Collection,4.6,King Ruby  Black,0.2,King Ruby  Black,0.2,King Ruby  Black,0.2,Gold Plate,14.6,Gold Plate,14.6,Gold Leather,4.6,5.57142857
#209,113,King Gold Collection,4.6,King Ruby  Teal,0.2,King Ruby  Teal,0.2,King Ruby  Teal,0.2,Gold Plate,14.6,Gold Plate,14.6,Gold Leather,4.6,5.57142857
#224,98,King Gold Collection,4.6,King Ruby Mauve,0.2,King Ruby Mauve,0.2,King Ruby Mauve,0.2,Gold Plate,14.6,Gold Plate,14.6,Gold Leather,4.6,5.57142857
#31,122,Original Ring Collection,10.2,Rough Diamond Pink,5.4,Rough Diamond Teal,1.2,Rough Diamond Teal,1.2,Silver Plate,10.2,Silver Plate,10.2,Pink Teal Soft Tie Dye,0.6,5.57142857
#99,121,Bronze Diamond Collection,10,Rough Diamond White,6.2,Rough Diamond Taupe,1.2,Rough Diamond Taupe,1.2,Bronze Plate,10,Bronze Plate,10,Taupe White Soft Tie Dye,0.4,5.57142857
#204,118,King Gold Collection,4.6,King Ruby  Red,0.2,King Ruby  Red,0.2,King Ruby  Red,0.2,Gold Plate,14.6,Gold Plate,14.6,Gold Leather,4.6,5.57142857
#220,102,King Gold Collection,4.6,King Ruby Khaki,0.2,King Ruby Khaki,0.2,King Ruby Khaki,0.2,Gold Plate,14.6,Gold Plate,14.6,Gold Leather,4.6,5.57142857
#221,101,King Gold Collection,4.6,King Ruby Umber,0.2,King Ruby Umber,0.2,King Ruby Umber,0.2,Gold Plate,14.6,Gold Plate,14.6,Gold Leather,4.6,5.57142857
#222,100,King Gold Collection,4.6,King Ruby  Lavender,0.2,King Ruby  Lavender,0.2,King Ruby  Lavender,0.2,Gold Plate,14.6,Gold Plate,14.6,Gold Leather,4.6,5.57142857
#213,109,King Gold Collection,4.6,King Ruby Dark Purple,0.2,King Ruby Dark Purple,0.2,King Ruby Dark Purple,0.2,Gold Plate,14.6,Gold Plate,14.6,Gold Leather,4.6,5.57142857
#29,123,Original Ring Collection,10.2,Rough Diamond Pink,5.4,Rough Diamond White,1.2,Rough Diamond White,1.2,Silver Plate,10.2,Silver Plate,10.2,Pink White Soft Tie Dye,0.6,5.57142857
#202,120,King Gold Collection,4.6,King Ruby Pink,0.2,King Ruby Pink,0.2,King Ruby Pink,0.2,Gold Plate,14.6,Gold Plate,14.6,Gold Leather,4.6,5.57142857
#206,116,King Gold Collection,4.6,King Ruby  Green,0.2,King Ruby  Green,0.2,King Ruby  Green,0.2,Gold Plate,14.6,Gold Plate,14.6,Gold Leather,4.6,5.57142857
#24,124,Original Ring Collection,10.2,Rough Diamond Pink,5.4,Rough Diamond Lemon ,1.2,Rough Diamond Lemon ,1.2,Silver Plate,10.2,Silver Plate,10.2,Pink Lemon Soft Tie Dye,0.6,5.57142857
#207,115,King Gold Collection,4.6,King Ruby  White,0.2,King Ruby  White,0.2,King Ruby  White,0.2,Gold Plate,14.6,Gold Plate,14.6,Gold Leather,4.6,5.57142857
#210,112,King Gold Collection,4.6,King Ruby Orange,0.2,King Ruby Orange,0.2,King Ruby Orange,0.2,Gold Plate,14.6,Gold Plate,14.6,Gold Leather,4.6,5.57142857
#205,117,King Gold Collection,4.6,King Ruby  Blue,0.2,King Ruby  Blue,0.2,King Ruby  Blue,0.2,Gold Plate,14.6,Gold Plate,14.6,Gold Leather,4.6,5.57142857
#218,104,King Gold Collection,4.6,King Ruby  Rosewood,0.2,King Ruby  Rosewood,0.2,King Ruby  Rosewood,0.2,Gold Plate,14.6,Gold Plate,14.6,Gold Leather,4.6,5.57142857
#76,97,Bronze Diamond Collection,10,Rough Diamond Pink,5.4,Rough Diamond Red,1.4,Rough Diamond Red,1.4,Bronze Plate,10,Bronze Plate,10,Pink Red Soft Tie Dye,0.6,5.54285714
#91,95,Bronze Diamond Collection,10,Rough Diamond Aqua,3.6,Rough Diamond Peach,1.6,Rough Diamond Peach,1.6,Bronze Plate,10,Bronze Plate,10,Aqua White Soft Tie Dye,2,5.54285714
#90,96,Bronze Diamond Collection,10,Rough Diamond Aqua,3.6,Rough Diamond Rosewood,1.6,Rough Diamond Rosewood,1.6,Bronze Plate,10,Bronze Plate,10,Aqua White Soft Tie Dye,2,5.54285714
#89,90,Bronze Diamond Collection,10,Rough Diamond Aqua,3.6,Rough Diamond Sienna,1.4,Rough Diamond Sienna,1.4,Bronze Plate,10,Bronze Plate,10,Aqua White Soft Tie Dye,2,5.48571429
#82,91,Bronze Diamond Collection,10,Rough Diamond Pink,5.4,Rough Diamond Teal,1.2,Rough Diamond Teal,1.2,Bronze Plate,10,Bronze Plate,10,Pink Teal Soft Tie Dye,0.6,5.48571429
#2,94,Original Ring Collection,10.2,Rough Diamond Yellow,3.6,Rough Diamond Yellow,1.8,Rough Diamond Yellow,1.8,Silver Plate,10.2,Silver Plate,10.2,Soft Yellow Tie Dye,0.6,5.48571429
#80,92,Bronze Diamond Collection,10,Rough Diamond Pink,5.4,Rough Diamond White,1.2,Rough Diamond White,1.2,Bronze Plate,10,Bronze Plate,10,Pink White Soft Tie Dye,0.6,5.48571429
#75,93,Bronze Diamond Collection,10,Rough Diamond Pink,5.4,Rough Diamond Lemon ,1.2,Rough Diamond Lemon ,1.2,Bronze Plate,10,Bronze Plate,10,Pink Lemon Soft Tie Dye,0.6,5.48571429
#87,89,Bronze Diamond Collection,10,Rough Diamond Yellow,3.6,Rough Diamond Green,2.2,Rough Diamond Green,2.2,Bronze Plate,10,Bronze Plate,10,Yellow Green Soft Tie Dye,0.2,5.45714286
#1,88,Original Ring Collection,10.2,Rough Diamond Pink,5.4,Rough Diamond Pink,0.6,Rough Diamond Pink,0.6,Silver Plate,10.2,Silver Plate,10.2,Soft Pink Tie Dye,0.6,5.4
#42,87,Original Ring Collection,10.2,Rough Diamond White,6.2,Roughdiamond Red,0.4,Roughdiamond Red,0.4,Silver Plate,10.2,Silver Plate,10.2,White Red Soft Tie Dye,0.2,5.4
#53,86,Bronze Diamond Collection,10,Rough Diamond Yellow,3.6,Rough Diamond Yellow,1.8,Rough Diamond Yellow,1.8,Bronze Plate,10,Bronze Plate,10,Soft Yellow Tie Dye,0.6,5.4
#40,85,Original Ring Collection,10.2,Rough Diamond Aqua,3.6,Rough Diamond Peach,1.6,Rough Diamond Peach,1.6,Silver Plate,10.2,Silver Plate,10.2,Aqua Peach Soft Tie Dye,0.2,5.37142857
#25,84,Original Ring Collection,10.2,Rough Diamond Pink,5.4,Roughdiamond Red,0.4,Roughdiamond Red,0.4,Silver Plate,10.2,Silver Plate,10.2,Pink Red Soft Tie Dye,0.6,5.34285714
#49,83,Original Ring Collection,10.2,Rough Diamond White,6.2,Rough Hdiamond Peach,0.2,Rough Hdiamond Peach,0.2,Silver Plate,10.2,Silver Plate,10.2,White Peach Soft Tie Dye,0.2,5.34285714
#51,82,Original Ring Collection,10.2,Rough Diamond White,6.2,Rough Diamond Gray,0.2,Rough Diamond Gray,0.2,Silver Plate,10.2,Silver Plate,10.2,White Gray Soft Tie Dye,0.2,5.34285714
#39,76,Original Ring Collection,10.2,Rough Diamond Aqua,3.6,Rough Diamond Coper,1.4,Rough Diamond Coper,1.4,Silver Plate,10.2,Silver Plate,10.2,Aqua Copper Soft Tie Dye,0.2,5.31428571
#37,78,Original Ring Collection,10.2,Rough Diamond Aqua,3.6,Rough Diamond Turqoise,1.4,Rough Diamond Turqoise,1.4,Silver Plate,10.2,Silver Plate,10.2,Aqua Turqoise Soft Tie Dye,0.2,5.31428571
#36,79,Original Ring Collection,10.2,Rough Diamond Yellow,3.6,Rough Diamond Sienna,1.4,Rough Diamond Sienna,1.4,Silver Plate,10.2,Silver Plate,10.2,Yellow Sienna Soft Tie Dye,0.2,5.31428571
#52,75,Bronze Diamond Collection,10,Rough Diamond Pink,5.4,Rough Diamond Pink,0.6,Rough Diamond Pink,0.6,Bronze Plate,10,Bronze Plate,10,Soft Pink Tie Dye,0.6,5.31428571
#38,77,Original Ring Collection,10.2,Rough Diamond Aqua,3.6,Rough Diamond Sienna,1.4,Rough Diamond Sienna,1.4,Silver Plate,10.2,Silver Plate,10.2,Aqua Sienna Soft Tie Dye,0.2,5.31428571
#34,81,Original Ring Collection,10.2,Rough Diamond Yellow,3.6,Rough Diamond Coper,1.4,Rough Diamond Coper,1.4,Silver Plate,10.2,Silver Plate,10.2,Yellow Coper Soft Tie Dye,0.2,5.31428571
#35,80,Original Ring Collection,10.2,Rough Diamond Yellow,3.6,Rough Diamond Turqoise,1.4,Rough Diamond Turqoise,1.4,Silver Plate,10.2,Silver Plate,10.2,Yellow Turqoiuse Soft Tie Dye,0.2,5.31428571
#21,74,Original Ring Collection,10.2,Rough Diamond Lavender,0.6,Rough Diamond Lavender,2.4,Rough Diamond Lavender,2.4,Silver Plate,10.2,Silver Plate,10.2,Lavender Soft Tie Dye,1,5.28571429
#33,73,Original Ring Collection,10.2,Rough Diamond Yellow,3.6,Rough Diamond Umber,1.2,Rough Diamond Umber,1.2,Silver Plate,10.2,Silver Plate,10.2,Yellow Umber Soft Tie Dye,0.4,5.28571429
#85,72,Bronze Diamond Collection,10,Rough Diamond Yellow,3.6,Rough Diamond Coper,1.4,Rough Diamond Coper,1.4,Bronze Plate,10,Bronze Plate,10,Yellow Umber Soft Tie Dye,0.4,5.25714286
#86,71,Bronze Diamond Collection,10,Rough Diamond Yellow,3.6,Rough Diamond Turqoise,1.4,Rough Diamond Turqoise,1.4,Bronze Plate,10,Bronze Plate,10,Yellow  Turqoise Soft Tie Dye,0.2,5.22857143
#5,70,Original Ring Collection,10.2,Rough Diamond Green,0.6,Rough Diamond Green,2.2,Rough Diamond Green,2.2,Silver Plate,10.2,Silver Plate,10.2,Green Soft Tie Dye,0.8,5.2
#72,69,Bronze Diamond Collection,10,Rough Diamond Lavender,0.6,Rough Diamond Lavender,2.4,Rough Diamond Lavender,2.4,Bronze Plate,10,Bronze Plate,10,Lavender Soft Tie Dye,1,5.2
#84,68,Bronze Diamond Collection,10,Rough Diamond Yellow,3.6,Rough Diamond Umber,1.2,Rough Diamond Umber,1.2,Bronze Plate,10,Bronze Plate,10,Yellow Lavender Soft Tie Dye,0.4,5.2
#4,67,Original Ring Collection,10.2,Rough Diamond Blue,0.6,Rough Diamond Blue,2.2,Rough Diamond Blue,2.2,Silver Plate,10.2,Silver Plate,10.2,Blue Soft Tie Dye,0.6,5.17142857
#13,66,Original Ring Collection,10.2,Rough Diamond Aqua,3.6,Rough Diamond Aqua,0.6,Rough Diamond Aqua,0.6,Silver Plate,10.2,Silver Plate,10.2,Aqua Soft Tie Dye,0.6,5.14285714
#56,65,Bronze Diamond Collection,10,Rough Diamond Green,0.6,Rough Diamond Green,2.2,Rough Diamond Green,2.2,Bronze Plate,10,Bronze Plate,10,Green Soft Tie Dye,0.8,5.11428571
#55,64,Bronze Diamond Collection,10,Rough Diamond Blue,0.6,Rough Diamond Blue,2.2,Rough Diamond Blue,2.2,Bronze Plate,10,Bronze Plate,10,Blue Soft Tie Dye,0.6,5.08571429
#7,63,Original Ring Collection,10.2,Rough Diamond Black,0.6,Rough Diamond Black,1.8,Rough Diamond Black,1.8,Silver Plate,10.2,Silver Plate,10.2,Black Soft Tie Dye,0.6,5.05714286
#64,62,Bronze Diamond Collection,10,Rough Diamond Aqua,3.6,Rough Diamond Aqua,0.6,Rough Diamond Aqua,0.6,Bronze Plate,10,Bronze Plate,10,Aqua Soft Tie Dye,0.6,5.05714286
#17,61,Original Ring Collection,10.2,Rough Diamond Rosewood,0.6,Rough Diamond Rosewood,1.6,Rough Diamond Rosewood,1.6,Silver Plate,10.2,Silver Plate,10.2,Rosewood Soft Tie Dye,0.8,5.02857143
#18,60,Original Ring Collection,10.2,Rough Diamond Peach,0.6,Rough Diamond Peach,1.6,Rough Diamond Peach,1.6,Silver Plate,10.2,Silver Plate,10.2,Peach Soft Tie Dye,0.6,5
#14,59,Original Ring Collection,10.2,Rough Diamond Turqoise,0.6,Rough Diamond Turqoise,1.4,Rough Diamond Turqoise,1.4,Silver Plate,10.2,Silver Plate,10.2,Turqoise Soft Tie Dye,0.8,4.97142857
#16,58,Original Ring Collection,10.2,Rough Diamond Coper,0.6,Rough Diamond Coper,1.4,Rough Diamond Coper,1.4,Silver Plate,10.2,Silver Plate,10.2,Coper Soft Tie Dye,0.8,4.97142857
#58,57,Bronze Diamond Collection,10,Rough Diamond Black,0.6,Rough Diamond Black,1.8,Rough Diamond Black,1.8,Bronze Plate,10,Bronze Plate,10,Black Soft Tie Dye,0.6,4.97142857
#68,54,Bronze Diamond Collection,10,Rough Diamond Rosewood,0.6,Rough Diamond Rosewood,1.6,Rough Diamond Rosewood,1.6,Bronze Plate,10,Bronze Plate,10,Rosewood Soft Tie Dye,0.8,4.94285714
#3,56,Original Ring Collection,10.2,Rough Diamond Red,0.6,Rough Diamond Red,1.4,Rough Diamond Red,1.4,Silver Plate,10.2,Silver Plate,10.2,Soft Red Tie Dye,0.6,4.94285714
#12,55,Original Ring Collection,10.2,Rough Diamond Sienna,0.6,Rough Diamond Sienna,1.4,Rough Diamond Sienna,1.4,Silver Plate,10.2,Silver Plate,10.2,Sienna Soft Tie Dye,0.6,4.94285714
#20,53,Original Ring Collection,10.2,Rough Diamond Umber,0.6,Rough Diamond Umber,1.2,Rough Diamond Umber,1.2,Silver Plate,10.2,Silver Plate,10.2,Umber Soft Tie Dye,0.8,4.91428571
#69,52,Bronze Diamond Collection,10,Rough Diamond Peach,0.6,Rough Diamond Peach,1.6,Rough Diamond Peach,1.6,Bronze Plate,10,Bronze Plate,10,Peach Soft Tie Dye,0.6,4.91428571
#22,50,Original Ring Collection,10.2,Rough Diamond Taupe,0.6,Rough Diamond Taupe,1.2,Rough Diamond Taupe,1.2,Silver Plate,10.2,Silver Plate,10.2,Taupe Soft Tie Dye,0.6,4.88571429
#23,49,Original Ring Collection,10.2,Rough Diamond Lemon,0.6,Rough Diamond Lemon,1.2,Rough Diamond Lemon,1.2,Silver Plate,10.2,Silver Plate,10.2,Lemon Soft Tie Dye,0.6,4.88571429
#8,51,Original Ring Collection,10.2,Rough Diamond Teal,0.6,Rough Diamond Teal,1.2,Rough Diamond Teal,1.2,Silver Plate,10.2,Silver Plate,10.2,Teal Soft Tie Dye,0.6,4.88571429
#67,47,Bronze Diamond Collection,10,Rough Diamond Coper,0.6,Rough Diamond Coper,1.4,Rough Diamond Coper,1.4,Bronze Plate,10,Bronze Plate,10,Coper Soft Tie Dye,0.8,4.88571429
#65,48,Bronze Diamond Collection,10,Rough Diamond Turqoise,0.6,Rough Diamond Turqoise,1.4,Rough Diamond Turqoise,1.4,Bronze Plate,10,Bronze Plate,10,Turqoise Soft Tie Dye,0.8,4.88571429
#63,45,Bronze Diamond Collection,10,Rough Diamond Sienna,0.6,Rough Diamond Sienna,1.4,Rough Diamond Sienna,1.4,Bronze Plate,10,Bronze Plate,10,Sienna Soft Tie Dye,0.6,4.85714286
#54,46,Bronze Diamond Collection,10,Rough Diamond Red,0.6,Rough Diamond Red,1.4,Rough Diamond Red,1.4,Bronze Plate,10,Bronze Plate,10,Soft Red Tie Dye,0.6,4.85714286
#71,44,Bronze Diamond Collection,10,Rough Diamond Umber,0.6,Rough Diamond Umber,1.2,Rough Diamond Umber,1.2,Bronze Plate,10,Bronze Plate,10,Umber Soft Tie Dye,0.8,4.82857143
#73,42,Bronze Diamond Collection,10,Rough Diamond Taupe,0.6,Rough Diamond Taupe,1.2,Rough Diamond Taupe,1.2,Bronze Plate,10,Bronze Plate,10,Taupe Soft Tie Dye,0.6,4.8
#74,41,Bronze Diamond Collection,10,Rough Diamond Lemon,0.6,Rough Diamond Lemon,1.2,Rough Diamond Lemon,1.2,Bronze Plate,10,Bronze Plate,10,Lemon Soft Tie Dye,0.6,4.8
#59,43,Bronze Diamond Collection,10,Rough Diamond Teal,0.6,Rough Diamond Teal,1.2,Rough Diamond Teal,1.2,Bronze Plate,10,Bronze Plate,10,Teal Soft Tie Dye,0.6,4.8
#11,38,Original Ring Collection,10.2,Rough Diamond Brown,0.6,Rough Diamond Brown,0.6,Rough Diamond Brown,0.6,Silver Plate,10.2,Silver Plate,10.2,Brown  Soft Tie Dye,0.6,4.71428571
#10,39,Original Ring Collection,10.2,Diamond Gold Granules,0.6,Diamond Gold Granules,0.6,Diamond Gold Granules,0.6,Silver Plate,10.2,Silver Plate,10.2,Gold Soft Tie Dye,0.6,4.71428571
#9,40,Original Ring Collection,10.2,Rough Diamond Orange,0.6,Rough Diamond Orange,0.6,Rough Diamond Orange,0.6,Silver Plate,10.2,Silver Plate,10.2,Orange Soft Tie Dye,0.6,4.71428571
#15,37,Original Ring Collection,10.2,Rugh Diamond Jade,0.6,Rugh Diamond Jade,0.6,Rugh Diamond Jade,0.6,Silver Plate,10.2,Silver Plate,10.2,Jade Soft Tie Dye,0.6,4.71428571
#19,36,Original Ring Collection,10.2,Rough Diamond Khaki,0.6,Rough Diamond Khaki,0.6,Rough Diamond Khaki,0.6,Silver Plate,10.2,Silver Plate,10.2,Khaki Soft Tie Dye,0.6,4.71428571
#62,33,Bronze Diamond Collection,10,Rough Diamond Brown,0.6,Rough Diamond Brown,0.6,Rough Diamond Brown,0.6,Bronze Plate,10,Bronze Plate,10,Brown  Soft Tie Dye,0.6,4.62857143
#61,34,Bronze Diamond Collection,10,Diamond Gold Granules,0.6,Diamond Gold Granules,0.6,Diamond Gold Granules,0.6,Bronze Plate,10,Bronze Plate,10,Gold Soft Tie Dye,0.6,4.62857143
#60,35,Bronze Diamond Collection,10,Rough Diamond Orange,0.6,Rough Diamond Orange,0.6,Rough Diamond Orange,0.6,Bronze Plate,10,Bronze Plate,10,Orange Soft Tie Dye,0.6,4.62857143
#66,32,Bronze Diamond Collection,10,Rugh Diamond Jade,0.6,Rugh Diamond Jade,0.6,Rugh Diamond Jade,0.6,Bronze Plate,10,Bronze Plate,10,Jade Soft Tie Dye,0.6,4.62857143
#70,31,Bronze Diamond Collection,10,Rough Diamond Khaki,0.6,Rough Diamond Khaki,0.6,Rough Diamond Khaki,0.6,Bronze Plate,10,Bronze Plate,10,Khaki Soft Tie Dye,0.6,4.62857143
#477,30,Ice Rings Collection,3,Ice Stone,1.4,Ice Stone,1,Metal Black Iron,0.2,Metal Black Iron,10.2,Metal Black Iron,10.2,Ice Cave,2.2,4.02857143
#476,29,Ice Rings Collection,3,Ice Stone,1.4,Ice Stone,1,Ice Stone,1.2,Turtle Skin,5.8,Turtle Skin,5.8,Ice Cave,2.2,2.91428571
#481,28,Ice Rings Collection,3,Ice Stone,1.4,Ice Stone,1,Original Wood,0.4,Original Wood,5.6,Original Wood,5.6,Ice Cave,2.2,2.74285714
#495,27,Rare Legendary,2,Galaxy Space,1.2,Galaxy Space,0.4,Hologram Green,1.4,Original Wood,5.6,Original Wood,5.6,Secret Room,2,2.6
#483,26,Ice Rings Collection,3,Vulcano Stone!,1.4,Vulcano Stone X Ice Stone,0.4,Ice Stone,1.2,Original Wood,5.6,Original Wood,5.6,Ice Cave X Lava Floor,0.6,2.54285714
#482,25,Ice Rings Collection,3,Vulcano Stone!,1.4,Vulcano Stone X Ice Stone,0.4,Original Wood,0.4,Original Wood,5.6,Original Wood,5.6,Ice Cave X Lava Floor,0.6,2.42857143
#475,24,Ice Rings Collection,3,Hologram Green,0.6,Hologram Green,1.4,Hologram Green,1.4,Ice Plat Stone,1,Ice Plat Stone,1,Ice Cave,2.2,1.51428571
#474,23,Ice Rings Collection,3,Blue Lava Stone,0.6,Blue Lava Stone,0.8,Blue Lava Stone,0.8,Ice Plat Stone,1,Ice Plat Stone,1,Ice Cave,2.2,1.34285714
#497,21,Rare Legendary,2,Vulcano Stone!,1.4,Vulcano Stone!,1.6,Vulcano Stone!,1,Cosmic Power ,0.8,Cosmic Power,0.6,Secret Room,2,1.34285714
#486,22,Unknown Collection,1,Galaxy Space,1.2,Vulcano Stone!,1.6,Galaxy Space,0.8,Hologram Blue,1.4,Hologram Blue,1.4,Secret Room,2,1.34285714
#485,20,Ice Rings Collection,3,Vulcano Stone!,1.4,Vulcano Stone!,1.6,Ice Stone,1.2,Silver Space Metal,0.4,Silver Space Metal,0.4,Volcano Cave,1,1.28571429
#480,19,Ice Rings Collection,3,Vulcano Stone!,1.4,Vulcano Stone!,1.6,Lava Stone,0.8,Ice Plat,0.4,Ice Plat,0.4,Volcano Cave,1,1.22857143
#484,18,Ice Rings Collection,3,Ice Stone,1.4,Ice Stone,1,Silver Space Metal,0.2,Silver Space Metal,0.4,Silver Space Metal,0.4,Ice Cave,2.2,1.22857143
#494,16,Rare Legendary,2,Ice Stone,1.4,Pure Gold,0.4,Ice Stone,1.2,Pure Gold,0.6,Pure Gold,0.6,Ice Cave,2.2,1.2
#472,17,Ice Rings Collection,3,Bloody Frozen Ice,0.4,Ice Plat Stone,0.4,Ice Plat Stone,0.4,Ice Plat Stone,1,Ice Plat Stone,1,Ice Cave,2.2,1.2
#489,14,Unknown Collection,1,Ice Stone,1.4,Hologram Green,1.4,Ice Stone,1.2,Galaxy Space,0.4,Galaxy Space,0.8,Secret Room,2,1.17142857
#471,15,Ice Rings Collection,3,Human Eyes Frozen,0.2,Ice Plat Stone,0.4,Ice Plat Stone,0.4,Ice Plat Stone,1,Ice Plat Stone,1,Ice Cave,2.2,1.17142857
#478,12,Ice Rings Collection,3,Lava Stone,0.6,Lava Stone,0.6,Lava Stone,0.8,Ice Plat,0.4,Ice Plat,0.4,Ice Cave,2.2,1.14285714
#473,13,Ice Rings Collection,3,Bloody Frozen Ice,0.4,Bloody Frozen Ice,0.2,Bloody Frozen Ice,0.2,Ice Plat Stone,1,Ice Plat Stone,1,Ice Cave,2.2,1.14285714
#496,11,Rare Legendary,2,Galaxy Space,1.2,Galaxy Space,0.4,Galaxy Space,0.8,Cosmic Power,0.8,Galaxy Space,0.8,Secret Room,2,1.14285714
#488,10,Unknown Collection,1,Galaxy Space,1.2,Hologram Green,1.4,Vulcano Stone!,1,Galaxy Space,0.4,Galaxy Space,0.8,Secret Room,2,1.11428571
#479,9,Ice Rings Collection,3,Ice Stone,1.4,Ice Stone,1,Ice Stone,1.2,Lava Stone,0.2,Lava Stone,0.2,Ice Cave X Lava Floor,0.6,1.08571429
#490,8,Unknown Collection,1,Galaxy Space,1.2,Vulcano Stone!,1.6,Galaxy Space,0.8,Hologram White,0.4,Hologram White,0.4,Secret Room,2,1.05714286
#492,7,Rare Legendary,2,Human Eyes,0.4,Vulcano Stone!,1.6,Vulcano Stone!,1,Pure Gold,0.6,Pure Gold,0.6,Volcano Cave,1,1.02857143
#499,6,Rare Legendary,2,Vulcano Green Stone,0.2,Vulcano Green Stone,0.2,Hologram Green,1.4,Cosmic Power ,0.8,Cosmic Power ,0.6,Secret Room,2,1.02857143
#493,5,Rare Legendary,2,Vulcano Stone!,1.4,Pure Gold,0.4,Vulcano Stone!,1,Pure Gold,0.6,Pure Gold,0.6,Volcano Cave,1,1
#491,3,Rare Legendary,2,Human Eyes,0.4,Vulcano Stone!,1.6,Galaxy Space,0.8,Vulcano Stone!,0.2,Vulcano Stone!,0.2,Volcano Cave,1,0.88571429
#487,4,Unknown Collection,1,Galaxy Space,1.2,Hologram Yellow,0.6,Hologram Purple,0.2,Hologram Yellow,0.4,Galaxy Space,0.8,Secret Room,2,0.88571429
#498,2,Rare Legendary,2,Vulcano Blue Stone,0.2,Vulcano Blue Stone,0.2,Vulcano Blue Stone,0.2,Cosmic Power ,0.8,Cosmic Power ,0.6,Secret Room,2,0.85714286
#500,1,Rare Legendary,2,Cosmic Volcano Power ,0.2,Cosmic Volcano Power ,0.2,Cosmic Volcano Power ,0.2,Cosmic Volcano Power ,0.2,Cosmic Volcano Power ,0.2,Space,0.2,0.45714286
